Workbook
Name Slicer_Platform: #N/A
Name Slicer_Platform1: #N/A

Sheet Post
A1: PostID | B1: Platform | C1: Date | D1: ContentType | E1: Hashtags | F1: Likes | G1: Shares | H1: Comments | I1: Clicks | J1: Reach | K1: Impressions | L1: Engagement Rate | M1: Campaign
A2: A234 | B2: LinkedIn | C2: 45444 | D2: Image | E2: #AppleMusic,#AppleLifestyle | F2: 19844 | G2: 1022 | H2: 860 | I2: 2570 | J2: 23719 | K2: 182628 | L2: 0.11896314 | M2: Sustainability Awareness Drive
A3: A220 | B3: YouTube | C3: 45445 | D3: Video | E3: #MacBookAirM3,#AppleInnovation | F3: 14199 | G3: 1206 | H3: 954 | I3: 2009 | J3: 8 | K3: 65537 | L3: 0.24961472 | M3: Sustainability Awareness Drive
A4: A90 | B4: Twitter | C4: 45446 | D4: Image | E4: #AppleEvent,#iPhone16 | F4: 8941 | G4: 911 | H4: 166 | I4: 1217 | J4: 68817 | K4: 221180 | L4: 0.045293426 | M4: MacBook Air M3 Campaign
A5: A146 | B5: YouTube | C5: 45448 | D5: Tweet | E5: #iPhonePhotography,#ShotOniPhone | F5: 18907 | G5: 1075 | H5: 675 | I5: 1383 | J5: 17875 | K5: 186649 | L5: 0.11067297 | M5: Apple Watch Ultra 2 Launch
A6: A87 | B6: Twitter | C6: 45449 | D6: Tweet | E6: #iPhone16Launch,#AppleEvent | F6: 11521 | G6: 1071 | H6: 762 | I6: 2539 | J6: 12701 | K6: 238350 | L6: 0.056026851 | M6: Sustainability Awareness Drive
A7: A188 | B7: YouTube | C7: 45449 | D7: Carousel | E7: #Sustainability,#AppleEarth | F7: 3531 | G7: 789 | H7: 467 | I7: 1867 | J7: 40816 | K7: 236037 | L7: 0.020280719 | M7: Sustainability Awareness Drive
A8: A276 | B8: LinkedIn | C8: 45450 | D8: Video | E8: #AppleEvent,#iPadPro | F8: 8233 | G8: 436 | H8: 269 | I8: 2037 | J8: 8875 | K8: 52289 | L8: 0.17093461 | M8: Apple Watch Ultra 2 Launch
A9: A98 | B9: LinkedIn | C9: 45453 | D9: Video | E9: #AppleMusic,#AppleLifestyle | F9: 21561 | G9: 340 | H9: 741 | I9: 986 | J9: 24826 | K9: 198492 | L9: 0.11407009 | M9: Apple Watch Ultra 2 Launch
A10: A218 | B10: Instagram | C10: 45454 | D10: Video | E10: #MacBookProM3 | F10: 14910 | G10: 778 | H10: 289 | I10: 2541 | J10: 14309 | K10: 247815 | L10: 0.064471481 | M10: Sustainability Awareness Drive
A11: A227 | B11: Instagram | C11: 45455 | D11: Tweet | E11: #MacBookAirM3,#AppleInnovation | F11: 17679 | G11: 690 | H11: 451 | I11: 2195 | J11: 4390 | K11: 235804 | L11: 0.079812047 | M11: MacBook Air M3 Campaign
A12: A51 | B12: YouTube | C12: 45456 | D12: Carousel | E12: #AppleWatch,#Health | F12: 23164 | G12: 1122 | H12: 900 | I12: 888 | J12: 36938 | K12: 104674 | L12: 0.24061371 | M12: Apple Watch Ultra 2 Launch
A13: A80 | B13: LinkedIn | C13: 45456 | D13: Image | E13: #AppleWatchUltra2,#HealthTech | F13: 14173 | G13: 294 | H13: 257 | I13: 1288 | J13: 39466 | K13: 55563 | L13: 0.26499649 | M13: MacBook Air M3 Campaign
... A301: A192 | B301: YouTube | C301: 45945 | D301: Image | E301: #AppleWatch,#Health | F301: 8882 | G301: 701 | H301: 421 | I301: 2343 | J301: 13588 | K301: 139304 | L301: 0.071814162 | M301: Apple Event September 2025

Sheet Engagement
A1: Week_Start_Date | B1: Platform | C1: New_Followers | D1: Unfollows | E1: Total_Followers | F1: Follower Growth Rate | G1: Engagement_Rate | H1: Ad_Spend
A2: 45446 | B2: Instagram | C2: 4138 | D2: 361 | E2: 103777 | F2: 0.036395348 | G2: 56.637791 | H2: 23944
A3: 45446 | B3: Twitter | C3: 8693 | D3: 1261 | E3: 111209 | F3: 0.066829124 | G3: 69.475492 | H3: 29873
A4: 45446 | B4: YouTube | C4: 9264 | D4: 1141 | E4: 119332 | F4: 0.068070593 | G4: 92.312205 | H4: 50372
A5: 45446 | B5: YouTube | C5: 8842 | D5: 971 | E5: 127203 | F5: 0.061877471 | G5: 16.351816 | H5: 33928
A6: 45453 | B6: Instagram | C6: 7721 | D6: 506 | E6: 134418 | F6: 0.053675847 | G6: 35.577824 | H6: 25379
A7: 45453 | B7: YouTube | C7: 8002 | D7: 524 | E7: 141896 | F7: 0.052700569 | G7: 52.064893 | H7: 46751
A8: 45453 | B8: Twitter | C8: 5225 | D8: 291 | E8: 146830 | F8: 0.033603487 | G8: 19.551863 | H8: 44546
A9: 45453 | B9: Twitter | C9: 3978 | D9: 543 | E9: 150265 | F9: 0.022859615 | G9: 49.159818 | H9: 34286
A10: 45460 | B10: Instagram | C10: 8373 | D10: 921 | E10: 157717 | F10: 0.047249187 | G10: 12.226329 | H10: 15110
A11: 45460 | B11: Twitter | C11: 6907 | D11: 834 | E11: 163790 | F11: 0.037077966 | G11: 54.158984 | H11: 22087
A12: 45460 | B12: LinkedIn | C12: 7097 | D12: 369 | E12: 170518 | F12: 0.039456245 | G12: 9.2506363 | H12: 33762
A13: 45460 | B13: Instagram | C13: 6656 | D13: 978 | E13: 176196 | F13: 0.032225476 | G13: 60.425889 | H13: 27081
... A201: 45789 | B201: Twitter | C201: 8527 | D201: 1091 | E201: 1186398 | F201: 0.0062677112 | G201: 1.6760817 | H201: 41703

Sheet Campaign
A1: Campaign_Name | B1: Start_Date | C1: End_Date | D1: Objective | E1: Ad_Spend | F1: Impressions | G1: Engagement_Uplift
A2: iPhone 16 Launch | B2: 45458 | C2: 45488 | D2: Product Launch | E2: 85000 | F2: 950000 | G2: 0.45
A3: MacBook Air M3 Campaign | B3: 45566 | C3: 45596 | D3: Product Promotion | E3: 60000 | F3: 780000 | G3: 0.38
A4: Apple Watch Ultra 2 Launch | B4: 45651 | C4: 45667 | D4: Health & Fitness Awareness | E4: 55000 | F4: 700000 | G4: 0.41
A5: Sustainability Awareness Drive | B5: 45717 | C5: 45747 | D5: Sustainability Branding | E5: 40000 | F5: 550000 | G5: 0.32
A6: Apple Event September 2025 | B6: 45901 | C6: 45930 | D6: Brand Engagement | E6: 75000 | F6: 880000 | G6: 0.47

Sheet Task 6.1
B3: Sum of Total_Followers | C3: Column Labels | I3: Task 6: Follower Retention & Loyalty
B4: Row Labels | C4: Instagram | D4: LinkedIn | E4: Twitter | F4: YouTube | G4: Grand Total
B5: 45446 | C5: 103777 | E5: 111209 | F5: 246535 | G5: 461521 | I5: 6.1) Visualize weekly follower growth per platform (line chart).
B6: 45453 | C6: 134418 | E6: 297095 | F6: 141896 | G6: 573409
B7: 45460 | C7: 333913 | D7: 170518 | E7: 163790 | G7: 668221 | I7: Using Engagement Dataset
B8: 45467 | C8: 189735 | E8: 389668 | F8: 198388 | G8: 777791 | I8: Pivot Table --> Platform in column --> week start date in rows -->
B9: 45474 | C9: 446576 | D9: 210260 | E9: 218723 | G9: 875559 | I9: Total followers in values --> sum
B10: 45481 | D10: 716856 | E10: 231802 | G10: 948658 | I10: insert --> line chart --> stacked line -->
B11: 45488 | C11: 503831 | E11: 253858 | F11: 255684 | G11: 1013373 | I11: Chart element --> select axis titles , chart title, grindlines -->
B12: 45495 | D12: 544695 | E12: 272227 | F12: 289283 | G12: 1106205
B13: 45502 | D13: 587844 | E13: 306304 | F13: 300265 | G13: 1194413
B14: 45509 | C14: 309517 | D14: 320404 | E14: 313014 | F14: 315557 | G14: 1258492
B15: 45516 | C15: 333052 | E15: 673289 | F15: 340085 | G15: 1346426
B16: 45523 | C16: 720006 | F16: 729433 | G16: 1449439
B17: 45530 | C17: 385849 | D17: 371865 | E17: 377618 | F17: 391152 | G17: 1526484
B18: 45537 | C18: 795220 | D18: 413369 | E18: 405141 | G18: 1613730
B19: 45544 | C19: 420811 | D19: 438545 | F19: 862353 | G19: 1721709
B20: 45551 | D20: 447968 | E20: 453977 | F20: 895821 | G20: 1797766
B21: 45558 | C21: 1391500 | E21: 460228 | G21: 1851728
B22: 45565 | C22: 967881 | E22: 976411 | G22: 1944292
B23: 45572 | C23: 507970 | D23: 492814 | F23: 1002177 | G23: 2002961
B24: 45579 | E24: 1572941 | F24: 522852 | G24: 2095793
B25: 45586 | C25: 1654883 | F25: 545824 | G25: 2200707
B26: 45593 | D26: 1170612 | F26: 1143345 | G26: 2313957
B27: 45600 | D27: 604702 | E27: 1202875 | F27: 599760 | G27: 2407337
B28: 45607 | D28: 620702 | E28: 1223008 | F28: 625922 | G28: 2469632
B29: 45614 | C29: 631128 | D29: 1287851 | E29: 637512 | G29: 2556491
B30: 45621 | C30: 1317342 | D30: 670642 | F30: 675785 | G30: 2663769
B31: 45628 | C31: 1367340 | D31: 682556 | F31: 694115 | G31: 2744011
B32: 45635 | C32: 704218 | D32: 709957 | E32: 700757 | F32: 709008 | G32: 2823940
B33: 45642 | C33: 1428308 | D33: 723286 | E33: 729561 | G33: 2881155
B34: 45649 | C34: 735242 | D34: 1472344 | F34: 748744 | G34: 2956330
B35: 45656 | C35: 761158 | D35: 1526479 | E35: 772614 | G35: 3060251
B36: 45663 | D36: 781868 | E36: 1589207 | F36: 798137 | G36: 3169212
B37: 45670 | C37: 810061 | D37: 807142 | E37: 817407 | F37: 818408 | G37: 3253018
B38: 45677 | E38: 2499836 | F38: 846217 | G38: 3346053
B39: 45684 | C39: 868909 | D39: 853477 | E39: 1725104 | G39: 3447490
B40: 45691 | E40: 1778284 | F40: 1762198 | G40: 3540482
B41: 45698 | D41: 2715333 | E41: 904407 | G41: 3619740
B42: 45705 | C42: 1851857 | D42: 917475 | E42: 912374 | G42: 3681706
B43: 45712 | C43: 1897457 | F43: 1900474 | G43: 3797931
B44: 45719 | D44: 973452 | E44: 1955311 | F44: 966020 | G44: 3894783
B45: 45726 | C45: 991495 | D45: 997585 | E45: 988501 | F45: 995050 | G45: 3972631
B46: 45733 | C46: 1013386 | D46: 3048937 | G46: 4062323
B47: 45740 | D47: 3123167 | F47: 1041686 | G47: 4164853
B48: 45747 | C48: 1063421 | D48: 1066648 | E48: 1057293 | F48: 1064988 | G48: 4252350
B49: 45754 | C49: 1087368 | D49: 1077624 | E49: 1085943 | F49: 1073082 | G49: 4324017
B50: 45761 | D50: 4415538 | G50: 4415538
B51: 45768 | C51: 3376566 | E51: 1131337 | G51: 4507903
B52: 45775 | D52: 1135945 | E52: 3437179 | G52: 4573124
B53: 45782 | C53: 1168011 | D53: 2312827 | F53: 1157985 | G53: 4638823
B54: 45789 | C54: 1170816 | D54: 2356803 | E54: 1186398 | G54: 4714017
B55: Grand Total | C55: 31443022 | D55: 40768090 | E55: 33812203 | F55: 24658229 | G55: 130681544

Sheet Task 6.2
B2: Row Labels | C2: Sum of Net_Follower_Gain
B3: 45495 | C3: 32218 | F3: Task 6: Follower Retention & Loyalty
B4: 45586 | C4: 30891
B5: 45712 | C5: 30446 | F5: 6.2) Identify the peak week of follower gain.
B6: 45621 | C6: 28625
B7: 45467 | C7: 28622 | F7: Using Engagement Dataset
B8: 45691 | C8: 28533 | F8: Pivot table -->
B9: 45733 | C9: 28020 | F9: Drag Week start date to rows -->
B10: 45677 | C10: 27809
B11: 45593 | C11: 27254 | F11: Now to create new column of net follower gains :-
B12: 45446 | C12: 27203 | F12: Pivot table analyze --> field, tems, sets --> calculated field -->
B13: 45663 | C13: 27057 | F13: Net follwers gain = new followers- unfollows -->
B14: 45516 | C14: 26686
B15: 45460 | C15: 25931 | F15: Drag Net follower gain to values --> sum
B16: 45740 | C16: 25416 | F16: Sort Net follower gain --> largest to smallest
B17: 45544 | C17: 25176 | F17: value filter --> top 1
B18: 45761 | C18: 24995
B19: 45656 | C19: 23870
B20: 45579 | C20: 23371
B21: 45523 | C21: 23262
B22: 45453 | C22: 23062
B23: 45684 | C23: 22692
B24: 45537 | C24: 22217
B25: 45768 | C25: 22070
B26: 45614 | C26: 21238
B27: 45530 | C27: 20800
B28: 45754 | C28: 20720
B29: 45719 | C29: 20389
... B52: 45698 | C52: 13642

Sheet Insta
A1: Week_Start_Date | B1: Platform | C1: New_Followers | D1: Unfollows | E1: Total_Followers | F1: Net Followers Gain | G1: Follower Growth Rate | H1: Engagement_Rate | I1: Ad_Spend | K1: Week_Start_Date | L1: Platform | M1: Net Followers Gain | Z1: Week_Start_Date | AA1: Column1 | AB1: Total_Followers
A2: 45446 | B2: Instagram | C2: 4138 | D2: 361 | E2: 103777 | F2: =Insta!$C2-Insta!$D2 -> 3777 | G2: 0.036395348 | H2: 56.637791 | I2: 23944 | K2: 45446 | M2: 3777 | Z2: 45446 | AB2: 103777
A3: 45446 | B3: Twitter | C3: 8693 | D3: 1261 | E3: 111209 | F3: =Insta!$C3-Insta!$D3 -> 7432 | G3: 0.066829124 | H3: 69.475492 | I3: 29873 | K3: 45446 | L3: Twitter | M3: 7432 | Z3: 45446 | AB3: 111209
A4: 45446 | B4: YouTube | C4: 9264 | D4: 1141 | E4: 119332 | F4: =Insta!$C4-Insta!$D4 -> 8123 | G4: 0.068070593 | H4: 92.312205 | I4: 50372 | K4: 45446 | L4: YouTube | M4: 8123 | Z4: 45446 | AB4: 119332
A5: 45446 | B5: YouTube | C5: 8842 | D5: 971 | E5: 127203 | F5: =Insta!$C5-Insta!$D5 -> 7871 | G5: 0.061877471 | H5: 16.351816 | I5: 33928 | K5: 45446 | L5: YouTube | M5: 7871 | Z5: 45446 | AB5: 127203
A6: 45453 | B6: Instagram | C6: 7721 | D6: 506 | E6: 134418 | F6: =Insta!$C6-Insta!$D6 -> 7215 | G6: 0.053675847 | H6: 35.577824 | I6: 25379 | K6: 45453 | M6: 7215 | Z6: 45453 | AB6: 134418
A7: 45453 | B7: YouTube | C7: 8002 | D7: 524 | E7: 141896 | F7: =Insta!$C7-Insta!$D7 -> 7478 | G7: 0.052700569 | H7: 52.064893 | I7: 46751 | K7: 45453 | L7: YouTube | M7: 7478 | Z7: 45453 | AB7: 141896
A8: 45453 | B8: Twitter | C8: 5225 | D8: 291 | E8: 146830 | F8: =Insta!$C8-Insta!$D8 -> 4934 | G8: 0.033603487 | H8: 19.551863 | I8: 44546 | K8: 45453 | L8: Twitter | M8: 4934 | Z8: 45453 | AB8: 146830
A9: 45453 | B9: Twitter | C9: 3978 | D9: 543 | E9: 150265 | F9: =Insta!$C9-Insta!$D9 -> 3435 | G9: 0.022859615 | H9: 49.159818 | I9: 34286 | K9: 45453 | L9: Twitter | M9: 3435 | Z9: 45453 | AB9: 150265
A10: 45460 | B10: Instagram | C10: 8373 | D10: 921 | E10: 157717 | F10: =Insta!$C10-Insta!$D10 -> 7452 | G10: 0.047249187 | H10: 12.226329 | I10: 15110 | K10: 45460 | M10: 7452 | Z10: 45460 | AB10: 157717
A11: 45460 | B11: Twitter | C11: 6907 | D11: 834 | E11: 163790 | F11: =Insta!$C11-Insta!$D11 -> 6073 | G11: 0.037077966 | H11: 54.158984 | I11: 22087 | K11: 45460 | L11: Twitter | M11: 6073 | Z11: 45460 | AB11: 163790
A12: 45460 | B12: LinkedIn | C12: 7097 | D12: 369 | E12: 170518 | F12: =Insta!$C12-Insta!$D12 -> 6728 | G12: 0.039456245 | H12: 9.2506363 | I12: 33762 | K12: 45460 | L12: LinkedIn | M12: 6728 | Z12: 45460 | AB12: 170518
A13: 45460 | B13: Instagram | C13: 6656 | D13: 978 | E13: 176196 | F13: =Insta!$C13-Insta!$D13 -> 5678 | G13: 0.032225476 | H13: 60.425889 | I13: 27081 | K13: 45460 | M13: 5678 | Z13: 45460 | AB13: 176196
A14: 45467 | B14: Twitter | C14: 9984 | D14: 1330 | E14: 184850 | F14: =Insta!$C14-Insta!$D14 -> 8654 | G14: 0.046816338 | H14: 57.524479 | I14: 44947 | K14: 45467 | L14: Twitter | M14: 8654 | Z14: 45467 | AB14: 184850
A15: 45467 | B15: Instagram | C15: 5259 | D15: 374 | E15: 189735 | F15: =Insta!$C15-Insta!$D15 -> 4885 | G15: 0.025746436 | H15: 14.827523 | I15: 19596 | K15: 45467 | M15: 4885 | Z15: 45467 | AB15: 189735
A16: 45467 | B16: YouTube | C16: 9286 | D16: 633 | E16: 198388 | F16: =Insta!$C16-Insta!$D16 -> 8653 | G16: 0.043616549 | H16: 5.4343005 | I16: 48019 | K16: 45467 | L16: YouTube | M16: 8653 | Z16: 45467 | AB16: 198388
A17: 45467 | B17: Twitter | C17: 6901 | D17: 471 | E17: 204818 | F17: =Insta!$C17-Insta!$D17 -> 6430 | G17: 0.031393725 | H17: 60.827662 | I17: 52003 | K17: 45467 | L17: Twitter | M17: 6430 | Z17: 45467 | AB17: 204818
A18: 45474 | B18: LinkedIn | C18: 5917 | D18: 475 | E18: 210260 | F18: =Insta!$C18-Insta!$D18 -> 5442 | G18: 0.025882241 | H18: 17.894036 | I18: 28313 | K18: 45474 | L18: LinkedIn | M18: 5442 | Z18: 45474 | AB18: 210260
A19: 45474 | B19: Twitter | C19: 9429 | D19: 966 | E19: 218723 | F19: =Insta!$C19-Insta!$D19 -> 8463 | G19: 0.038692776 | H19: 7.6914636 | I19: 57639 | K19: 45474 | L19: Twitter | M19: 8463 | Z19: 45474 | AB19: 218723
A20: 45474 | B20: Instagram | C20: 3530 | D20: 328 | E20: 221925 | F20: =Insta!$C20-Insta!$D20 -> 3202 | G20: 0.014428298 | H20: 12.83722 | I20: 11013 | K20: 45474 | M20: 3202 | Z20: 45474 | AB20: 221925
A21: 45474 | B21: Instagram | C21: 2960 | D21: 234 | E21: 224651 | F21: =Insta!$C21-Insta!$D21 -> 2726 | G21: 0.012134377 | H21: 17.412787 | I21: 59378 | K21: 45474 | M21: 2726 | Z21: 45474 | AB21: 224651
A22: 45481 | B22: Twitter | C22: 8045 | D22: 894 | E22: 231802 | F22: =Insta!$C22-Insta!$D22 -> 7151 | G22: 0.030849604 | H22: 47.634188 | I22: 33705 | K22: 45481 | L22: Twitter | M22: 7151 | Z22: 45481 | AB22: 231802
A23: 45481 | B23: LinkedIn | C23: 2048 | D23: 130 | E23: 233720 | F23: =Insta!$C23-Insta!$D23 -> 1918 | G23: 0.0082064008 | H23: 39.284614 | I23: 11828 | K23: 45481 | L23: LinkedIn | M23: 1918 | Z23: 45481 | AB23: 233720
A24: 45481 | B24: LinkedIn | C24: 6772 | D24: 536 | E24: 239956 | F24: =Insta!$C24-Insta!$D24 -> 6236 | G24: 0.025988098 | H24: 9.8205504 | I24: 17909 | K24: 45481 | L24: LinkedIn | M24: 6236 | Z24: 45481 | AB24: 239956
A25: 45481 | B25: LinkedIn | C25: 3529 | D25: 305 | E25: 243180 | F25: =Insta!$C25-Insta!$D25 -> 3224 | G25: 0.013257669 | H25: 41.606629 | I25: 48356 | K25: 45481 | L25: LinkedIn | M25: 3224 | Z25: 45481 | AB25: 243180
A26: 45488 | B26: Instagram | C26: 3964 | D26: 378 | E26: 246766 | F26: =Insta!$C26-Insta!$D26 -> 3586 | G26: 0.014531986 | H26: 13.63559 | I26: 23109 | K26: 45488 | M26: 3586 | Z26: 45488 | AB26: 246766
A27: 45488 | B27: Twitter | C27: 8137 | D27: 1045 | E27: 253858 | F27: =Insta!$C27-Insta!$D27 -> 7092 | G27: 0.027936878 | H27: 20.472469 | I27: 12023 | K27: 45488 | L27: Twitter | M27: 7092 | Z27: 45488 | AB27: 253858
A28: 45488 | B28: YouTube | C28: 1963 | D28: 137 | E28: 255684 | F28: =Insta!$C28-Insta!$D28 -> 1826 | G28: 0.0071416279 | H28: 11.208367 | I28: 24537 | K28: 45488 | L28: YouTube | M28: 1826 | Z28: 45488 | AB28: 255684
A29: 45488 | B29: Instagram | C29: 1536 | D29: 155 | E29: 257065 | F29: =Insta!$C29-Insta!$D29 -> 1381 | G29: 0.0053721821 | H29: 12.157626 | I29: 36661 | K29: 45488 | M29: 1381 | Z29: 45488 | AB29: 257065
A30: 45495 | B30: LinkedIn | C30: 8340 | D30: 911 | E30: 264494 | F30: =Insta!$C30-Insta!$D30 -> 7429 | G30: 0.028087594 | H30: 37.302926 | I30: 48659 | K30: 45495 | L30: LinkedIn | M30: 7429 | Z30: 45495 | AB30: 264494
A31: 45495 | B31: Twitter | C31: 8179 | D31: 446 | E31: 272227 | F31: =Insta!$C31-Insta!$D31 -> 7733 | G31: 0.02840644 | H31: 41.821715 | I31: 43848 | K31: 45495 | L31: Twitter | M31: 7733 | Z31: 45495 | AB31: 272227
A32: 45495 | B32: LinkedIn | C32: 8967 | D32: 993 | E32: 280201 | F32: =Insta!$C32-Insta!$D32 -> 7974 | G32: 0.028458143 | H32: 52.792103 | I32: 47804 | K32: 45495 | L32: LinkedIn | M32: 7974 | Z32: 45495 | AB32: 280201
A33: 45495 | B33: YouTube | C33: 9734 | D33: 652 | E33: 289283 | F33: =Insta!$C33-Insta!$D33 -> 9082 | G33: 0.031394862 | H33: 49.647923 | I33: 25379 | K33: 45495 | L33: YouTube | M33: 9082 | Z33: 45495 | AB33: 289283
A34: 45502 | B34: LinkedIn | C34: 1845 | D34: 104 | E34: 291024 | F34: =Insta!$C34-Insta!$D34 -> 1741 | G34: 0.0059823245 | H34: 28.158159 | I34: 37766 | K34: 45502 | L34: LinkedIn | M34: 1741 | Z34: 45502 | AB34: 291024
A35: 45502 | B35: LinkedIn | C35: 6777 | D35: 981 | E35: 296820 | F35: =Insta!$C35-Insta!$D35 -> 5796 | G35: 0.019526986 | H35: 23.920558 | I35: 53590 | K35: 45502 | L35: LinkedIn | M35: 5796 | Z35: 45502 | AB35: 296820
A36: 45502 | B36: YouTube | C36: 4036 | D36: 591 | E36: 300265 | F36: =Insta!$C36-Insta!$D36 -> 3445 | G36: 0.011473199 | H36: 44.219273 | I36: 12563 | K36: 45502 | L36: YouTube | M36: 3445 | Z36: 45502 | AB36: 300265
A37: 45502 | B37: Twitter | C37: 6947 | D37: 908 | E37: 306304 | F37: =Insta!$C37-Insta!$D37 -> 6039 | G37: 0.019715707 | H37: 14.117674 | I37: 46060 | K37: 45502 | L37: Twitter | M37: 6039 | Z37: 45502 | AB37: 306304
A38: 45509 | B38: Instagram | C38: 3494 | D38: 281 | E38: 309517 | F38: =Insta!$C38-Insta!$D38 -> 3213 | G38: 0.01038069 | H38: 27.765519 | I38: 39197 | K38: 45509 | M38: 3213 | Z38: 45509 | AB38: 309517
A39: 45509 | B39: Twitter | C39: 3719 | D39: 222 | E39: 313014 | F39: =Insta!$C39-Insta!$D39 -> 3497 | G39: 0.011172024 | H39: 21.669318 | I39: 13586 | K39: 45509 | L39: Twitter | M39: 3497 | Z39: 45509 | AB39: 313014
A40: 45509 | B40: YouTube | C40: 2884 | D40: 341 | E40: 315557 | F40: =Insta!$C40-Insta!$D40 -> 2543 | G40: 0.0080587659 | H40: 46.99975 | I40: 26087 | K40: 45509 | L40: YouTube | M40: 2543 | Z40: 45509 | AB40: 315557
A41: 45509 | B41: LinkedIn | C41: 5349 | D41: 502 | E41: 320404 | F41: =Insta!$C41-Insta!$D41 -> 4847 | G41: 0.015127776 | H41: 5.2152907 | I41: 58868 | K41: 45509 | L41: LinkedIn | M41: 4847 | Z41: 45509 | AB41: 320404
A42: 45516 | B42: Twitter | C42: 6179 | D42: 384 | E42: 326199 | F42: =Insta!$C42-Insta!$D42 -> 5795 | G42: 0.017765229 | H42: 14.712185 | I42: 33225 | K42: 45516 | L42: Twitter | M42: 5795 | Z42: 45516 | AB42: 326199
A43: 45516 | B43: Instagram | C43: 7610 | D43: 757 | E43: 333052 | F43: =Insta!$C43-Insta!$D43 -> 6853 | G43: 0.020576366 | H43: 44.450416 | I43: 39750 | K43: 45516 | M43: 6853 | Z43: 45516 | AB43: 333052
A44: 45516 | B44: YouTube | C44: 7430 | D44: 397 | E44: 340085 | F44: =Insta!$C44-Insta!$D44 -> 7033 | G44: 0.020680124 | H44: 28.065043 | I44: 16643 | K44: 45516 | L44: YouTube | M44: 7033 | Z44: 45516 | AB44: 340085
A45: 45516 | B45: Twitter | C45: 8154 | D45: 1149 | E45: 347090 | F45: =Insta!$C45-Insta!$D45 -> 7005 | G45: 0.020182085 | H45: 26.003918 | I45: 37523 | K45: 45516 | L45: Twitter | M45: 7005 | Z45: 45516 | AB45: 347090
A46: 45523 | B46: Instagram | C46: 7488 | D46: 568 | E46: 354010 | F46: =Insta!$C46-Insta!$D46 -> 6920 | G46: 0.01954747 | H46: 13.477303 | I46: 46727 | K46: 45523 | M46: 6920 | Z46: 45523 | AB46: 354010
A47: 45523 | B47: YouTube | C47: 5737 | D47: 666 | E47: 359081 | F47: =Insta!$C47-Insta!$D47 -> 5071 | G47: 0.014122162 | H47: 4.6034182 | I47: 21005 | K47: 45523 | L47: YouTube | M47: 5071 | Z47: 45523 | AB47: 359081
A48: 45523 | B48: Instagram | C48: 7525 | D48: 610 | E48: 365996 | F48: =Insta!$C48-Insta!$D48 -> 6915 | G48: 0.018893649 | H48: 5.769462 | I48: 53543 | K48: 45523 | M48: 6915 | Z48: 45523 | AB48: 365996
A49: 45523 | B49: YouTube | C49: 4850 | D49: 494 | E49: 370352 | F49: =Insta!$C49-Insta!$D49 -> 4356 | G49: 0.011761783 | H49: 20.465395 | I49: 10161 | K49: 45523 | L49: YouTube | M49: 4356 | Z49: 45523 | AB49: 370352
A50: 45530 | B50: LinkedIn | C50: 1689 | D50: 176 | E50: 371865 | F50: =Insta!$C50-Insta!$D50 -> 1513 | G50: 0.0040686808 | H50: 38.012182 | I50: 26029 | K50: 45530 | L50: LinkedIn | M50: 1513 | Z50: 45530 | AB50: 371865
A51: 45530 | B51: Twitter | C51: 6175 | D51: 422 | E51: 377618 | F51: =Insta!$C51-Insta!$D51 -> 5753 | G51: 0.015234973 | H51: 37.861013 | I51: 59745 | K51: 45530 | L51: Twitter | M51: 5753 | Z51: 45530 | AB51: 377618
A52: 45530 | B52: Instagram | C52: 9648 | D52: 1417 | E52: 385849 | F52: =Insta!$C52-Insta!$D52 -> 8231 | G52: 0.021332179 | H52: 3.6633502 | I52: 24226 | K52: 45530 | M52: 8231 | Z52: 45530 | AB52: 385849
A53: 45530 | B53: YouTube | C53: 6078 | D53: 775 | E53: 391152 | F53: =Insta!$C53-Insta!$D53 -> 5303 | G53: 0.013557389 | H53: 37.760513 | I53: 38731 | K53: 45530 | L53: YouTube | M53: 5303 | Z53: 45530 | AB53: 391152
A54: 45537 | B54: Instagram | C54: 6448 | D54: 928 | E54: 396672 | F54: =Insta!$C54-Insta!$D54 -> 5520 | G54: 0.013915779 | H54: 30.118587 | I54: 53922 | K54: 45537 | M54: 5520 | Z54: 45537 | AB54: 396672
A55: 45537 | B55: Instagram | C55: 2179 | D55: 303 | E55: 398548 | F55: =Insta!$C55-Insta!$D55 -> 1876 | G55: 0.0047070867 | H55: 33.909843 | I55: 54848 | K55: 45537 | M55: 1876 | Z55: 45537 | AB55: 398548
A56: 45537 | B56: Twitter | C56: 7406 | D56: 813 | E56: 405141 | F56: =Insta!$C56-Insta!$D56 -> 6593 | G56: 0.016273347 | H56: 24.457411 | I56: 13390 | K56: 45537 | L56: Twitter | M56: 6593 | Z56: 45537 | AB56: 405141
A57: 45537 | B57: LinkedIn | C57: 9591 | D57: 1363 | E57: 413369 | F57: =Insta!$C57-Insta!$D57 -> 8228 | G57: 0.019904734 | H57: 10.494256 | I57: 15997 | K57: 45537 | L57: LinkedIn | M57: 8228 | Z57: 45537 | AB57: 413369
A58: 45544 | B58: Instagram | C58: 7907 | D58: 465 | E58: 420811 | F58: =Insta!$C58-Insta!$D58 -> 7442 | G58: 0.017684899 | H58: 33.257448 | I58: 22693 | K58: 45544 | M58: 7442 | Z58: 45544 | AB58: 420811
A59: 45544 | B59: YouTube | C59: 9800 | D59: 682 | E59: 429929 | F59: =Insta!$C59-Insta!$D59 -> 9118 | G59: 0.021208153 | H59: 6.2966211 | I59: 59815 | K59: 45544 | L59: YouTube | M59: 9118 | Z59: 45544 | AB59: 429929
A60: 45544 | B60: YouTube | C60: 2638 | D60: 143 | E60: 432424 | F60: =Insta!$C60-Insta!$D60 -> 2495 | G60: 0.0057698 | H60: 6.9547481 | I60: 52092 | K60: 45544 | L60: YouTube | M60: 2495 | Z60: 45544 | AB60: 432424
A61: 45544 | B61: LinkedIn | C61: 6671 | D61: 550 | E61: 438545 | F61: =Insta!$C61-Insta!$D61 -> 6121 | G61: 0.013957519 | H61: 17.750288 | I61: 10541 | K61: 45544 | L61: LinkedIn | M61: 6121 | Z61: 45544 | AB61: 438545
A62: 45551 | B62: YouTube | C62: 7928 | D62: 704 | E62: 445769 | F62: =Insta!$C62-Insta!$D62 -> 7224 | G62: 0.016205703 | H62: 11.194363 | I62: 31817 | K62: 45551 | L62: YouTube | M62: 7224 | Z62: 45551 | AB62: 445769
A63: 45551 | B63: LinkedIn | C63: 2382 | D63: 183 | E63: 447968 | F63: =Insta!$C63-Insta!$D63 -> 2199 | G63: 0.0049088328 | H63: 4.733597 | I63: 47861 | K63: 45551 | L63: LinkedIn | M63: 2199 | Z63: 45551 | AB63: 447968
A64: 45551 | B64: YouTube | C64: 2403 | D64: 319 | E64: 450052 | F64: =Insta!$C64-Insta!$D64 -> 2084 | G64: 0.004630576 | H64: 29.921209 | I64: 23428 | K64: 45551 | L64: YouTube | M64: 2084 | Z64: 45551 | AB64: 450052
A65: 45551 | B65: Twitter | C65: 4292 | D65: 367 | E65: 453977 | F65: =Insta!$C65-Insta!$D65 -> 3925 | G65: 0.0086458125 | H65: 3.5037017 | I65: 53934 | K65: 45551 | L65: Twitter | M65: 3925 | Z65: 45551 | AB65: 453977
A66: 45558 | B66: Instagram | C66: 1419 | D66: 110 | E66: 455286 | F66: =Insta!$C66-Insta!$D66 -> 1309 | G66: 0.0028751159 | H66: 31.554451 | I66: 58831 | K66: 45558 | M66: 1309 | Z66: 45558 | AB66: 455286
A67: 45558 | B67: Twitter | C67: 5517 | D67: 575 | E67: 460228 | F67: =Insta!$C67-Insta!$D67 -> 4942 | G67: 0.010738156 | H67: 29.458442 | I67: 20258 | K67: 45558 | L67: Twitter | M67: 4942 | Z67: 45558 | AB67: 460228
A68: 45558 | B68: Instagram | C68: 4302 | D68: 275 | E68: 464255 | F68: =Insta!$C68-Insta!$D68 -> 4027 | G68: 0.0086741123 | H68: 15.721317 | I68: 26044 | K68: 45558 | M68: 4027 | Z68: 45558 | AB68: 464255
A69: 45558 | B69: Instagram | C69: 8857 | D69: 1153 | E69: 471959 | F69: =Insta!$C69-Insta!$D69 -> 7704 | G69: 0.016323452 | H69: 19.214593 | I69: 39411 | K69: 45558 | M69: 7704 | Z69: 45558 | AB69: 471959
A70: 45565 | B70: Instagram | C70: 8870 | D70: 509 | E70: 480320 | F70: =Insta!$C70-Insta!$D70 -> 8361 | G70: 0.017407145 | H70: 25.077865 | I70: 15469 | K70: 45565 | M70: 8361 | Z70: 45565 | AB70: 480320
A71: 45565 | B71: Twitter | C71: 6693 | D71: 995 | E71: 486018 | F71: =Insta!$C71-Insta!$D71 -> 5698 | G71: 0.011723846 | H71: 23.761877 | I71: 38854 | K71: 45565 | L71: Twitter | M71: 5698 | Z71: 45565 | AB71: 486018
A72: 45565 | B72: Instagram | C72: 1767 | D72: 224 | E72: 487561 | F72: =Insta!$C72-Insta!$D72 -> 1543 | G72: 0.0031647322 | H72: 13.208604 | I72: 16256 | K72: 45565 | M72: 1543 | Z72: 45565 | AB72: 487561
A73: 45565 | B73: Twitter | C73: 3044 | D73: 212 | E73: 490393 | F73: =Insta!$C73-Insta!$D73 -> 2832 | G73: 0.0057749601 | H73: 8.5343796 | I73: 20720 | K73: 45565 | L73: Twitter | M73: 2832 | Z73: 45565 | AB73: 490393
A74: 45572 | B74: LinkedIn | C74: 2549 | D74: 128 | E74: 492814 | F74: =Insta!$C74-Insta!$D74 -> 2421 | G74: 0.0049126039 | H74: 12.734216 | I74: 43937 | K74: 45572 | L74: LinkedIn | M74: 2421 | Z74: 45572 | AB74: 492814
A75: 45572 | B75: YouTube | C75: 7140 | D75: 939 | E75: 499015 | F75: =Insta!$C75-Insta!$D75 -> 6201 | G75: 0.01242648 | H75: 25.120888 | I75: 43598 | K75: 45572 | L75: YouTube | M75: 6201 | Z75: 45572 | AB75: 499015
A76: 45572 | B76: YouTube | C76: 4716 | D76: 569 | E76: 503162 | F76: =Insta!$C76-Insta!$D76 -> 4147 | G76: 0.0082418784 | H76: 25.648201 | I76: 11651 | K76: 45572 | L76: YouTube | M76: 4147 | Z76: 45572 | AB76: 503162
A77: 45572 | B77: Instagram | C77: 5481 | D77: 673 | E77: 507970 | F77: =Insta!$C77-Insta!$D77 -> 4808 | G77: 0.0094651259 | H77: 13.087584 | I77: 29194 | K77: 45572 | M77: 4808 | Z77: 45572 | AB77: 507970
A78: 45579 | B78: Twitter | C78: 8898 | D78: 1131 | E78: 515737 | F78: =Insta!$C78-Insta!$D78 -> 7767 | G78: 0.015060002 | H78: 2.187743 | I78: 35051 | K78: 45579 | L78: Twitter | M78: 7767 | Z78: 45579 | AB78: 515737
A79: 45579 | B79: YouTube | C79: 7548 | D79: 433 | E79: 522852 | F79: =Insta!$C79-Insta!$D79 -> 7115 | G79: 0.013608057 | H79: 8.3562844 | I79: 37386 | K79: 45579 | L79: YouTube | M79: 7115 | Z79: 45579 | AB79: 522852
A80: 45579 | B80: Twitter | C80: 3293 | D80: 282 | E80: 525863 | F80: =Insta!$C80-Insta!$D80 -> 3011 | G80: 0.0057258259 | H80: 27.040693 | I80: 19518 | K80: 45579 | L80: Twitter | M80: 3011 | Z80: 45579 | AB80: 525863
A81: 45579 | B81: Twitter | C81: 5837 | D81: 359 | E81: 531341 | F81: =Insta!$C81-Insta!$D81 -> 5478 | G81: 0.010309763 | H81: 6.8073045 | I81: 56026 | K81: 45579 | L81: Twitter | M81: 5478 | Z81: 45579 | AB81: 531341
A82: 45586 | B82: Instagram | C82: 8758 | D82: 1193 | E82: 538906 | F82: =Insta!$C82-Insta!$D82 -> 7565 | G82: 0.014037699 | H82: 3.4213759 | I82: 26184 | K82: 45586 | M82: 7565 | Z82: 45586 | AB82: 538906
A83: 45586 | B83: YouTube | C83: 7793 | D83: 875 | E83: 545824 | F83: =Insta!$C83-Insta!$D83 -> 6918 | G83: 0.012674415 | H83: 5.5136821 | I83: 43787 | K83: 45586 | L83: YouTube | M83: 6918 | Z83: 45586 | AB83: 545824
A84: 45586 | B84: Instagram | C84: 8638 | D84: 717 | E84: 553745 | F84: =Insta!$C84-Insta!$D84 -> 7921 | G84: 0.014304418 | H84: 26.921417 | I84: 31621 | K84: 45586 | M84: 7921 | Z84: 45586 | AB84: 553745
A85: 45586 | B85: Instagram | C85: 8993 | D85: 506 | E85: 562232 | F85: =Insta!$C85-Insta!$D85 -> 8487 | G85: 0.015095192 | H85: 3.5131405 | I85: 20028 | K85: 45586 | M85: 8487 | Z85: 45586 | AB85: 562232
A86: 45593 | B86: YouTube | C86: 7007 | D86: 568 | E86: 568671 | F86: =Insta!$C86-Insta!$D86 -> 6439 | G86: 0.011322891 | H86: 11.505071 | I86: 22448 | K86: 45593 | L86: YouTube | M86: 6439 | Z86: 45593 | AB86: 568671
A87: 45593 | B87: YouTube | C87: 6542 | D87: 539 | E87: 574674 | F87: =Insta!$C87-Insta!$D87 -> 6003 | G87: 0.010445922 | H87: 6.4069368 | I87: 55253 | K87: 45593 | L87: YouTube | M87: 6003 | Z87: 45593 | AB87: 574674
A88: 45593 | B88: LinkedIn | C88: 7356 | D88: 904 | E88: 581126 | F88: =Insta!$C88-Insta!$D88 -> 6452 | G88: 0.011102584 | H88: 17.560908 | I88: 44051 | K88: 45593 | L88: LinkedIn | M88: 6452 | Z88: 45593 | AB88: 581126
A89: 45593 | B89: LinkedIn | C89: 9433 | D89: 1073 | E89: 589486 | F89: =Insta!$C89-Insta!$D89 -> 8360 | G89: 0.014181847 | H89: 7.2934726 | I89: 59811 | K89: 45593 | L89: LinkedIn | M89: 8360 | Z89: 45593 | AB89: 589486
A90: 45600 | B90: Twitter | C90: 8380 | D90: 1162 | E90: 596704 | F90: =Insta!$C90-Insta!$D90 -> 7218 | G90: 0.01209645 | H90: 18.058535 | I90: 40447 | K90: 45600 | L90: Twitter | M90: 7218 | Z90: 45600 | AB90: 596704
A91: 45600 | B91: YouTube | C91: 3385 | D91: 329 | E91: 599760 | F91: =Insta!$C91-Insta!$D91 -> 3056 | G91: 0.0050953715 | H91: 17.61788 | I91: 28394 | K91: 45600 | L91: YouTube | M91: 3056 | Z91: 45600 | AB91: 599760
A92: 45600 | B92: LinkedIn | C92: 5268 | D92: 326 | E92: 604702 | F92: =Insta!$C92-Insta!$D92 -> 4942 | G92: 0.0081726206 | H92: 23.435841 | I92: 44501 | K92: 45600 | L92: LinkedIn | M92: 4942 | Z92: 45600 | AB92: 604702
A93: 45600 | B93: Twitter | C93: 1671 | D93: 202 | E93: 606171 | F93: =Insta!$C93-Insta!$D93 -> 1469 | G93: 0.0024234086 | H93: 15.150015 | I93: 40254 | K93: 45600 | L93: Twitter | M93: 1469 | Z93: 45600 | AB93: 606171
A94: 45607 | B94: Twitter | C94: 1163 | D94: 146 | E94: 607188 | F94: =Insta!$C94-Insta!$D94 -> 1017 | G94: 0.0016749343 | H94: 21.777769 | I94: 28509 | K94: 45607 | L94: Twitter | M94: 1017 | Z94: 45607 | AB94: 607188
A95: 45607 | B95: Twitter | C95: 9656 | D95: 1024 | E95: 615820 | F95: =Insta!$C95-Insta!$D95 -> 8632 | G95: 0.014017083 | H95: 8.7252769 | I95: 58998 | K95: 45607 | L95: Twitter | M95: 8632 | Z95: 45607 | AB95: 615820
A96: 45607 | B96: LinkedIn | C96: 5592 | D96: 710 | E96: 620702 | F96: =Insta!$C96-Insta!$D96 -> 4882 | G96: 0.007865288 | H96: 9.0711807 | I96: 24472 | K96: 45607 | L96: LinkedIn | M96: 4882 | Z96: 45607 | AB96: 620702
A97: 45607 | B97: YouTube | C97: 5795 | D97: 575 | E97: 625922 | F97: =Insta!$C97-Insta!$D97 -> 5220 | G97: 0.0083396973 | H97: 3.0908005 | I97: 55657 | K97: 45607 | L97: YouTube | M97: 5220 | Z97: 45607 | AB97: 625922
A98: 45614 | B98: Instagram | C98: 5798 | D98: 592 | E98: 631128 | F98: =Insta!$C98-Insta!$D98 -> 5206 | G98: 0.0082487229 | H98: 1.6774727 | I98: 13471 | K98: 45614 | M98: 5206 | Z98: 45614 | AB98: 631128
A99: 45614 | B99: Twitter | C99: 7036 | D99: 652 | E99: 637512 | F99: =Insta!$C99-Insta!$D99 -> 6384 | G99: 0.010013929 | H99: 3.5705995 | I99: 51796 | K99: 45614 | L99: Twitter | M99: 6384 | Z99: 45614 | AB99: 637512
A100: 45614 | B100: LinkedIn | C100: 3355 | D100: 176 | E100: 640691 | F100: =Insta!$C100-Insta!$D100 -> 3179 | G100: 0.0049618303 | H100: 12.426427 | I100: 40268 | K100: 45614 | L100: LinkedIn | M100: 3179 | Z100: 45614 | AB100: 640691
...

Sheet Twitter
A1: Week_Start_Date | B1: Platform | C1: New_Followers | D1: Unfollows | E1: Total_Followers | F1: Net Followers Gain | G1: Follower Growth Rate | H1: Engagement_Rate | I1: Ad_Spend | K1: Week_Start_Date | L1: Column1 | M1: Net Followers Gain | X1: Week_Start_Date | Y1: Column1 | Z1: Total_Followers
A2: 45446 | B2: Instagram | C2: 4138 | D2: 361 | E2: 103777 | F2: =Twitter!$C2-Twitter!$D2 -> 3777 | G2: 0.036395348 | H2: 56.637791 | I2: 23944 | K2: 45446 | L2: Instagram | M2: 3777 | X2: 45446 | Z2: 103777
A3: 45446 | B3: Twitter | C3: 8693 | D3: 1261 | E3: 111209 | F3: =Twitter!$C3-Twitter!$D3 -> 7432 | G3: 0.066829124 | H3: 69.475492 | I3: 29873 | K3: 45446 | M3: 7432 | X3: 45446 | Z3: 111209
A4: 45446 | B4: YouTube | C4: 9264 | D4: 1141 | E4: 119332 | F4: =Twitter!$C4-Twitter!$D4 -> 8123 | G4: 0.068070593 | H4: 92.312205 | I4: 50372 | K4: 45446 | L4: YouTube | M4: 8123 | X4: 45446 | Z4: 119332
A5: 45446 | B5: YouTube | C5: 8842 | D5: 971 | E5: 127203 | F5: =Twitter!$C5-Twitter!$D5 -> 7871 | G5: 0.061877471 | H5: 16.351816 | I5: 33928 | K5: 45446 | L5: YouTube | M5: 7871 | X5: 45446 | Z5: 127203
A6: 45453 | B6: Instagram | C6: 7721 | D6: 506 | E6: 134418 | F6: =Twitter!$C6-Twitter!$D6 -> 7215 | G6: 0.053675847 | H6: 35.577824 | I6: 25379 | K6: 45453 | L6: Instagram | M6: 7215 | X6: 45453 | Z6: 134418
A7: 45453 | B7: YouTube | C7: 8002 | D7: 524 | E7: 141896 | F7: =Twitter!$C7-Twitter!$D7 -> 7478 | G7: 0.052700569 | H7: 52.064893 | I7: 46751 | K7: 45453 | L7: YouTube | M7: 7478 | X7: 45453 | Z7: 141896
A8: 45453 | B8: Twitter | C8: 5225 | D8: 291 | E8: 146830 | F8: =Twitter!$C8-Twitter!$D8 -> 4934 | G8: 0.033603487 | H8: 19.551863 | I8: 44546 | K8: 45453 | M8: 4934 | X8: 45453 | Z8: 146830
A9: 45453 | B9: Twitter | C9: 3978 | D9: 543 | E9: 150265 | F9: =Twitter!$C9-Twitter!$D9 -> 3435 | G9: 0.022859615 | H9: 49.159818 | I9: 34286 | K9: 45453 | M9: 3435 | X9: 45453 | Z9: 150265
A10: 45460 | B10: Instagram | C10: 8373 | D10: 921 | E10: 157717 | F10: =Twitter!$C10-Twitter!$D10 -> 7452 | G10: 0.047249187 | H10: 12.226329 | I10: 15110 | K10: 45460 | L10: Instagram | M10: 7452 | X10: 45460 | Z10: 157717
A11: 45460 | B11: Twitter | C11: 6907 | D11: 834 | E11: 163790 | F11: =Twitter!$C11-Twitter!$D11 -> 6073 | G11: 0.037077966 | H11: 54.158984 | I11: 22087 | K11: 45460 | M11: 6073 | X11: 45460 | Z11: 163790
A12: 45460 | B12: LinkedIn | C12: 7097 | D12: 369 | E12: 170518 | F12: =Twitter!$C12-Twitter!$D12 -> 6728 | G12: 0.039456245 | H12: 9.2506363 | I12: 33762 | K12: 45460 | L12: LinkedIn | M12: 6728 | X12: 45460 | Z12: 170518
A13: 45460 | B13: Instagram | C13: 6656 | D13: 978 | E13: 176196 | F13: =Twitter!$C13-Twitter!$D13 -> 5678 | G13: 0.032225476 | H13: 60.425889 | I13: 27081 | K13: 45460 | L13: Instagram | M13: 5678 | X13: 45460 | Z13: 176196
A14: 45467 | B14: Twitter | C14: 9984 | D14: 1330 | E14: 184850 | F14: =Twitter!$C14-Twitter!$D14 -> 8654 | G14: 0.046816338 | H14: 57.524479 | I14: 44947 | K14: 45467 | M14: 8654 | X14: 45467 | Z14: 184850
A15: 45467 | B15: Instagram | C15: 5259 | D15: 374 | E15: 189735 | F15: =Twitter!$C15-Twitter!$D15 -> 4885 | G15: 0.025746436 | H15: 14.827523 | I15: 19596 | K15: 45467 | L15: Instagram | M15: 4885 | X15: 45467 | Z15: 189735
A16: 45467 | B16: YouTube | C16: 9286 | D16: 633 | E16: 198388 | F16: =Twitter!$C16-Twitter!$D16 -> 8653 | G16: 0.043616549 | H16: 5.4343005 | I16: 48019 | K16: 45467 | L16: YouTube | M16: 8653 | X16: 45467 | Z16: 198388
A17: 45467 | B17: Twitter | C17: 6901 | D17: 471 | E17: 204818 | F17: =Twitter!$C17-Twitter!$D17 -> 6430 | G17: 0.031393725 | H17: 60.827662 | I17: 52003 | K17: 45467 | M17: 6430 | X17: 45467 | Z17: 204818
A18: 45474 | B18: LinkedIn | C18: 5917 | D18: 475 | E18: 210260 | F18: =Twitter!$C18-Twitter!$D18 -> 5442 | G18: 0.025882241 | H18: 17.894036 | I18: 28313 | K18: 45474 | L18: LinkedIn | M18: 5442 | X18: 45474 | Z18: 210260
A19: 45474 | B19: Twitter | C19: 9429 | D19: 966 | E19: 218723 | F19: =Twitter!$C19-Twitter!$D19 -> 8463 | G19: 0.038692776 | H19: 7.6914636 | I19: 57639 | K19: 45474 | M19: 8463 | X19: 45474 | Z19: 218723
A20: 45474 | B20: Instagram | C20: 3530 | D20: 328 | E20: 221925 | F20: =Twitter!$C20-Twitter!$D20 -> 3202 | G20: 0.014428298 | H20: 12.83722 | I20: 11013 | K20: 45474 | L20: Instagram | M20: 3202 | X20: 45474 | Z20: 221925
A21: 45474 | B21: Instagram | C21: 2960 | D21: 234 | E21: 224651 | F21: =Twitter!$C21-Twitter!$D21 -> 2726 | G21: 0.012134377 | H21: 17.412787 | I21: 59378 | K21: 45474 | L21: Instagram | M21: 2726 | X21: 45474 | Z21: 224651
A22: 45481 | B22: Twitter | C22: 8045 | D22: 894 | E22: 231802 | F22: =Twitter!$C22-Twitter!$D22 -> 7151 | G22: 0.030849604 | H22: 47.634188 | I22: 33705 | K22: 45481 | M22: 7151 | X22: 45481 | Z22: 231802
A23: 45481 | B23: LinkedIn | C23: 2048 | D23: 130 | E23: 233720 | F23: =Twitter!$C23-Twitter!$D23 -> 1918 | G23: 0.0082064008 | H23: 39.284614 | I23: 11828 | K23: 45481 | L23: LinkedIn | M23: 1918 | X23: 45481 | Z23: 233720
A24: 45481 | B24: LinkedIn | C24: 6772 | D24: 536 | E24: 239956 | F24: =Twitter!$C24-Twitter!$D24 -> 6236 | G24: 0.025988098 | H24: 9.8205504 | I24: 17909 | K24: 45481 | L24: LinkedIn | M24: 6236 | X24: 45481 | Z24: 239956
A25: 45481 | B25: LinkedIn | C25: 3529 | D25: 305 | E25: 243180 | F25: =Twitter!$C25-Twitter!$D25 -> 3224 | G25: 0.013257669 | H25: 41.606629 | I25: 48356 | K25: 45481 | L25: LinkedIn | M25: 3224 | X25: 45481 | Z25: 243180
A26: 45488 | B26: Instagram | C26: 3964 | D26: 378 | E26: 246766 | F26: =Twitter!$C26-Twitter!$D26 -> 3586 | G26: 0.014531986 | H26: 13.63559 | I26: 23109 | K26: 45488 | L26: Instagram | M26: 3586 | X26: 45488 | Z26: 246766
A27: 45488 | B27: Twitter | C27: 8137 | D27: 1045 | E27: 253858 | F27: =Twitter!$C27-Twitter!$D27 -> 7092 | G27: 0.027936878 | H27: 20.472469 | I27: 12023 | K27: 45488 | M27: 7092 | X27: 45488 | Z27: 253858
A28: 45488 | B28: YouTube | C28: 1963 | D28: 137 | E28: 255684 | F28: =Twitter!$C28-Twitter!$D28 -> 1826 | G28: 0.0071416279 | H28: 11.208367 | I28: 24537 | K28: 45488 | L28: YouTube | M28: 1826 | X28: 45488 | Z28: 255684
A29: 45488 | B29: Instagram | C29: 1536 | D29: 155 | E29: 257065 | F29: =Twitter!$C29-Twitter!$D29 -> 1381 | G29: 0.0053721821 | H29: 12.157626 | I29: 36661 | K29: 45488 | L29: Instagram | M29: 1381 | X29: 45488 | Z29: 257065
A30: 45495 | B30: LinkedIn | C30: 8340 | D30: 911 | E30: 264494 | F30: =Twitter!$C30-Twitter!$D30 -> 7429 | G30: 0.028087594 | H30: 37.302926 | I30: 48659 | K30: 45495 | L30: LinkedIn | M30: 7429 | X30: 45495 | Z30: 264494
A31: 45495 | B31: Twitter | C31: 8179 | D31: 446 | E31: 272227 | F31: =Twitter!$C31-Twitter!$D31 -> 7733 | G31: 0.02840644 | H31: 41.821715 | I31: 43848 | K31: 45495 | M31: 7733 | X31: 45495 | Z31: 272227
A32: 45495 | B32: LinkedIn | C32: 8967 | D32: 993 | E32: 280201 | F32: =Twitter!$C32-Twitter!$D32 -> 7974 | G32: 0.028458143 | H32: 52.792103 | I32: 47804 | K32: 45495 | L32: LinkedIn | M32: 7974 | X32: 45495 | Z32: 280201
A33: 45495 | B33: YouTube | C33: 9734 | D33: 652 | E33: 289283 | F33: =Twitter!$C33-Twitter!$D33 -> 9082 | G33: 0.031394862 | H33: 49.647923 | I33: 25379 | K33: 45495 | L33: YouTube | M33: 9082 | X33: 45495 | Z33: 289283
A34: 45502 | B34: LinkedIn | C34: 1845 | D34: 104 | E34: 291024 | F34: =Twitter!$C34-Twitter!$D34 -> 1741 | G34: 0.0059823245 | H34: 28.158159 | I34: 37766 | K34: 45502 | L34: LinkedIn | M34: 1741 | X34: 45502 | Z34: 291024
A35: 45502 | B35: LinkedIn | C35: 6777 | D35: 981 | E35: 296820 | F35: =Twitter!$C35-Twitter!$D35 -> 5796 | G35: 0.019526986 | H35: 23.920558 | I35: 53590 | K35: 45502 | L35: LinkedIn | M35: 5796 | X35: 45502 | Z35: 296820
A36: 45502 | B36: YouTube | C36: 4036 | D36: 591 | E36: 300265 | F36: =Twitter!$C36-Twitter!$D36 -> 3445 | G36: 0.011473199 | H36: 44.219273 | I36: 12563 | K36: 45502 | L36: YouTube | M36: 3445 | X36: 45502 | Z36: 300265
A37: 45502 | B37: Twitter | C37: 6947 | D37: 908 | E37: 306304 | F37: =Twitter!$C37-Twitter!$D37 -> 6039 | G37: 0.019715707 | H37: 14.117674 | I37: 46060 | K37: 45502 | M37: 6039 | X37: 45502 | Z37: 306304
A38: 45509 | B38: Instagram | C38: 3494 | D38: 281 | E38: 309517 | F38: =Twitter!$C38-Twitter!$D38 -> 3213 | G38: 0.01038069 | H38: 27.765519 | I38: 39197 | K38: 45509 | L38: Instagram | M38: 3213 | X38: 45509 | Z38: 309517
A39: 45509 | B39: Twitter | C39: 3719 | D39: 222 | E39: 313014 | F39: =Twitter!$C39-Twitter!$D39 -> 3497 | G39: 0.011172024 | H39: 21.669318 | I39: 13586 | K39: 45509 | M39: 3497 | X39: 45509 | Z39: 313014
A40: 45509 | B40: YouTube | C40: 2884 | D40: 341 | E40: 315557 | F40: =Twitter!$C40-Twitter!$D40 -> 2543 | G40: 0.0080587659 | H40: 46.99975 | I40: 26087 | K40: 45509 | L40: YouTube | M40: 2543 | X40: 45509 | Z40: 315557
A41: 45509 | B41: LinkedIn | C41: 5349 | D41: 502 | E41: 320404 | F41: =Twitter!$C41-Twitter!$D41 -> 4847 | G41: 0.015127776 | H41: 5.2152907 | I41: 58868 | K41: 45509 | L41: LinkedIn | M41: 4847 | X41: 45509 | Z41: 320404
A42: 45516 | B42: Twitter | C42: 6179 | D42: 384 | E42: 326199 | F42: =Twitter!$C42-Twitter!$D42 -> 5795 | G42: 0.017765229 | H42: 14.712185 | I42: 33225 | K42: 45516 | M42: 5795 | X42: 45516 | Z42: 326199
A43: 45516 | B43: Instagram | C43: 7610 | D43: 757 | E43: 333052 | F43: =Twitter!$C43-Twitter!$D43 -> 6853 | G43: 0.020576366 | H43: 44.450416 | I43: 39750 | K43: 45516 | L43: Instagram | M43: 6853 | X43: 45516 | Z43: 333052
A44: 45516 | B44: YouTube | C44: 7430 | D44: 397 | E44: 340085 | F44: =Twitter!$C44-Twitter!$D44 -> 7033 | G44: 0.020680124 | H44: 28.065043 | I44: 16643 | K44: 45516 | L44: YouTube | M44: 7033 | X44: 45516 | Z44: 340085
A45: 45516 | B45: Twitter | C45: 8154 | D45: 1149 | E45: 347090 | F45: =Twitter!$C45-Twitter!$D45 -> 7005 | G45: 0.020182085 | H45: 26.003918 | I45: 37523 | K45: 45516 | M45: 7005 | X45: 45516 | Z45: 347090
A46: 45523 | B46: Instagram | C46: 7488 | D46: 568 | E46: 354010 | F46: =Twitter!$C46-Twitter!$D46 -> 6920 | G46: 0.01954747 | H46: 13.477303 | I46: 46727 | K46: 45523 | L46: Instagram | M46: 6920 | X46: 45523 | Z46: 354010
A47: 45523 | B47: YouTube | C47: 5737 | D47: 666 | E47: 359081 | F47: =Twitter!$C47-Twitter!$D47 -> 5071 | G47: 0.014122162 | H47: 4.6034182 | I47: 21005 | K47: 45523 | L47: YouTube | M47: 5071 | X47: 45523 | Z47: 359081
A48: 45523 | B48: Instagram | C48: 7525 | D48: 610 | E48: 365996 | F48: =Twitter!$C48-Twitter!$D48 -> 6915 | G48: 0.018893649 | H48: 5.769462 | I48: 53543 | K48: 45523 | L48: Instagram | M48: 6915 | X48: 45523 | Z48: 365996
A49: 45523 | B49: YouTube | C49: 4850 | D49: 494 | E49: 370352 | F49: =Twitter!$C49-Twitter!$D49 -> 4356 | G49: 0.011761783 | H49: 20.465395 | I49: 10161 | K49: 45523 | L49: YouTube | M49: 4356 | X49: 45523 | Z49: 370352
A50: 45530 | B50: LinkedIn | C50: 1689 | D50: 176 | E50: 371865 | F50: =Twitter!$C50-Twitter!$D50 -> 1513 | G50: 0.0040686808 | H50: 38.012182 | I50: 26029 | K50: 45530 | L50: LinkedIn | M50: 1513 | X50: 45530 | Z50: 371865
A51: 45530 | B51: Twitter | C51: 6175 | D51: 422 | E51: 377618 | F51: =Twitter!$C51-Twitter!$D51 -> 5753 | G51: 0.015234973 | H51: 37.861013 | I51: 59745 | K51: 45530 | M51: 5753 | X51: 45530 | Z51: 377618
A52: 45530 | B52: Instagram | C52: 9648 | D52: 1417 | E52: 385849 | F52: =Twitter!$C52-Twitter!$D52 -> 8231 | G52: 0.021332179 | H52: 3.6633502 | I52: 24226 | K52: 45530 | L52: Instagram | M52: 8231 | X52: 45530 | Z52: 385849
A53: 45530 | B53: YouTube | C53: 6078 | D53: 775 | E53: 391152 | F53: =Twitter!$C53-Twitter!$D53 -> 5303 | G53: 0.013557389 | H53: 37.760513 | I53: 38731 | K53: 45530 | L53: YouTube | M53: 5303 | X53: 45530 | Z53: 391152
A54: 45537 | B54: Instagram | C54: 6448 | D54: 928 | E54: 396672 | F54: =Twitter!$C54-Twitter!$D54 -> 5520 | G54: 0.013915779 | H54: 30.118587 | I54: 53922 | K54: 45537 | L54: Instagram | M54: 5520 | X54: 45537 | Z54: 396672
A55: 45537 | B55: Instagram | C55: 2179 | D55: 303 | E55: 398548 | F55: =Twitter!$C55-Twitter!$D55 -> 1876 | G55: 0.0047070867 | H55: 33.909843 | I55: 54848 | K55: 45537 | L55: Instagram | M55: 1876 | X55: 45537 | Z55: 398548
A56: 45537 | B56: Twitter | C56: 7406 | D56: 813 | E56: 405141 | F56: =Twitter!$C56-Twitter!$D56 -> 6593 | G56: 0.016273347 | H56: 24.457411 | I56: 13390 | K56: 45537 | M56: 6593 | X56: 45537 | Z56: 405141
A57: 45537 | B57: LinkedIn | C57: 9591 | D57: 1363 | E57: 413369 | F57: =Twitter!$C57-Twitter!$D57 -> 8228 | G57: 0.019904734 | H57: 10.494256 | I57: 15997 | K57: 45537 | L57: LinkedIn | M57: 8228 | X57: 45537 | Z57: 413369
A58: 45544 | B58: Instagram | C58: 7907 | D58: 465 | E58: 420811 | F58: =Twitter!$C58-Twitter!$D58 -> 7442 | G58: 0.017684899 | H58: 33.257448 | I58: 22693 | K58: 45544 | L58: Instagram | M58: 7442 | X58: 45544 | Z58: 420811
A59: 45544 | B59: YouTube | C59: 9800 | D59: 682 | E59: 429929 | F59: =Twitter!$C59-Twitter!$D59 -> 9118 | G59: 0.021208153 | H59: 6.2966211 | I59: 59815 | K59: 45544 | L59: YouTube | M59: 9118 | X59: 45544 | Z59: 429929
A60: 45544 | B60: YouTube | C60: 2638 | D60: 143 | E60: 432424 | F60: =Twitter!$C60-Twitter!$D60 -> 2495 | G60: 0.0057698 | H60: 6.9547481 | I60: 52092 | K60: 45544 | L60: YouTube | M60: 2495 | X60: 45544 | Z60: 432424
A61: 45544 | B61: LinkedIn | C61: 6671 | D61: 550 | E61: 438545 | F61: =Twitter!$C61-Twitter!$D61 -> 6121 | G61: 0.013957519 | H61: 17.750288 | I61: 10541 | K61: 45544 | L61: LinkedIn | M61: 6121 | X61: 45544 | Z61: 438545
A62: 45551 | B62: YouTube | C62: 7928 | D62: 704 | E62: 445769 | F62: =Twitter!$C62-Twitter!$D62 -> 7224 | G62: 0.016205703 | H62: 11.194363 | I62: 31817 | K62: 45551 | L62: YouTube | M62: 7224 | X62: 45551 | Z62: 445769
A63: 45551 | B63: LinkedIn | C63: 2382 | D63: 183 | E63: 447968 | F63: =Twitter!$C63-Twitter!$D63 -> 2199 | G63: 0.0049088328 | H63: 4.733597 | I63: 47861 | K63: 45551 | L63: LinkedIn | M63: 2199 | X63: 45551 | Z63: 447968
A64: 45551 | B64: YouTube | C64: 2403 | D64: 319 | E64: 450052 | F64: =Twitter!$C64-Twitter!$D64 -> 2084 | G64: 0.004630576 | H64: 29.921209 | I64: 23428 | K64: 45551 | L64: YouTube | M64: 2084 | X64: 45551 | Z64: 450052
A65: 45551 | B65: Twitter | C65: 4292 | D65: 367 | E65: 453977 | F65: =Twitter!$C65-Twitter!$D65 -> 3925 | G65: 0.0086458125 | H65: 3.5037017 | I65: 53934 | K65: 45551 | M65: 3925 | X65: 45551 | Z65: 453977
A66: 45558 | B66: Instagram | C66: 1419 | D66: 110 | E66: 455286 | F66: =Twitter!$C66-Twitter!$D66 -> 1309 | G66: 0.0028751159 | H66: 31.554451 | I66: 58831 | K66: 45558 | L66: Instagram | M66: 1309 | X66: 45558 | Z66: 455286
A67: 45558 | B67: Twitter | C67: 5517 | D67: 575 | E67: 460228 | F67: =Twitter!$C67-Twitter!$D67 -> 4942 | G67: 0.010738156 | H67: 29.458442 | I67: 20258 | K67: 45558 | M67: 4942 | X67: 45558 | Z67: 460228
A68: 45558 | B68: Instagram | C68: 4302 | D68: 275 | E68: 464255 | F68: =Twitter!$C68-Twitter!$D68 -> 4027 | G68: 0.0086741123 | H68: 15.721317 | I68: 26044 | K68: 45558 | L68: Instagram | M68: 4027 | X68: 45558 | Z68: 464255
A69: 45558 | B69: Instagram | C69: 8857 | D69: 1153 | E69: 471959 | F69: =Twitter!$C69-Twitter!$D69 -> 7704 | G69: 0.016323452 | H69: 19.214593 | I69: 39411 | K69: 45558 | L69: Instagram | M69: 7704 | X69: 45558 | Z69: 471959
A70: 45565 | B70: Instagram | C70: 8870 | D70: 509 | E70: 480320 | F70: =Twitter!$C70-Twitter!$D70 -> 8361 | G70: 0.017407145 | H70: 25.077865 | I70: 15469 | K70: 45565 | L70: Instagram | M70: 8361 | X70: 45565 | Z70: 480320
A71: 45565 | B71: Twitter | C71: 6693 | D71: 995 | E71: 486018 | F71: =Twitter!$C71-Twitter!$D71 -> 5698 | G71: 0.011723846 | H71: 23.761877 | I71: 38854 | K71: 45565 | M71: 5698 | X71: 45565 | Z71: 486018
A72: 45565 | B72: Instagram | C72: 1767 | D72: 224 | E72: 487561 | F72: =Twitter!$C72-Twitter!$D72 -> 1543 | G72: 0.0031647322 | H72: 13.208604 | I72: 16256 | K72: 45565 | L72: Instagram | M72: 1543 | X72: 45565 | Z72: 487561
A73: 45565 | B73: Twitter | C73: 3044 | D73: 212 | E73: 490393 | F73: =Twitter!$C73-Twitter!$D73 -> 2832 | G73: 0.0057749601 | H73: 8.5343796 | I73: 20720 | K73: 45565 | M73: 2832 | X73: 45565 | Z73: 490393
A74: 45572 | B74: LinkedIn | C74: 2549 | D74: 128 | E74: 492814 | F74: =Twitter!$C74-Twitter!$D74 -> 2421 | G74: 0.0049126039 | H74: 12.734216 | I74: 43937 | K74: 45572 | L74: LinkedIn | M74: 2421 | X74: 45572 | Z74: 492814
A75: 45572 | B75: YouTube | C75: 7140 | D75: 939 | E75: 499015 | F75: =Twitter!$C75-Twitter!$D75 -> 6201 | G75: 0.01242648 | H75: 25.120888 | I75: 43598 | K75: 45572 | L75: YouTube | M75: 6201 | X75: 45572 | Z75: 499015
A76: 45572 | B76: YouTube | C76: 4716 | D76: 569 | E76: 503162 | F76: =Twitter!$C76-Twitter!$D76 -> 4147 | G76: 0.0082418784 | H76: 25.648201 | I76: 11651 | K76: 45572 | L76: YouTube | M76: 4147 | X76: 45572 | Z76: 503162
A77: 45572 | B77: Instagram | C77: 5481 | D77: 673 | E77: 507970 | F77: =Twitter!$C77-Twitter!$D77 -> 4808 | G77: 0.0094651259 | H77: 13.087584 | I77: 29194 | K77: 45572 | L77: Instagram | M77: 4808 | X77: 45572 | Z77: 507970
A78: 45579 | B78: Twitter | C78: 8898 | D78: 1131 | E78: 515737 | F78: =Twitter!$C78-Twitter!$D78 -> 7767 | G78: 0.015060002 | H78: 2.187743 | I78: 35051 | K78: 45579 | M78: 7767 | X78: 45579 | Z78: 515737
A79: 45579 | B79: YouTube | C79: 7548 | D79: 433 | E79: 522852 | F79: =Twitter!$C79-Twitter!$D79 -> 7115 | G79: 0.013608057 | H79: 8.3562844 | I79: 37386 | K79: 45579 | L79: YouTube | M79: 7115 | X79: 45579 | Z79: 522852
A80: 45579 | B80: Twitter | C80: 3293 | D80: 282 | E80: 525863 | F80: =Twitter!$C80-Twitter!$D80 -> 3011 | G80: 0.0057258259 | H80: 27.040693 | I80: 19518 | K80: 45579 | M80: 3011 | X80: 45579 | Z80: 525863
A81: 45579 | B81: Twitter | C81: 5837 | D81: 359 | E81: 531341 | F81: =Twitter!$C81-Twitter!$D81 -> 5478 | G81: 0.010309763 | H81: 6.8073045 | I81: 56026 | K81: 45579 | M81: 5478 | X81: 45579 | Z81: 531341
A82: 45586 | B82: Instagram | C82: 8758 | D82: 1193 | E82: 538906 | F82: =Twitter!$C82-Twitter!$D82 -> 7565 | G82: 0.014037699 | H82: 3.4213759 | I82: 26184 | K82: 45586 | L82: Instagram | M82: 7565 | X82: 45586 | Z82: 538906
A83: 45586 | B83: YouTube | C83: 7793 | D83: 875 | E83: 545824 | F83: =Twitter!$C83-Twitter!$D83 -> 6918 | G83: 0.012674415 | H83: 5.5136821 | I83: 43787 | K83: 45586 | L83: YouTube | M83: 6918 | X83: 45586 | Z83: 545824
A84: 45586 | B84: Instagram | C84: 8638 | D84: 717 | E84: 553745 | F84: =Twitter!$C84-Twitter!$D84 -> 7921 | G84: 0.014304418 | H84: 26.921417 | I84: 31621 | K84: 45586 | L84: Instagram | M84: 7921 | X84: 45586 | Z84: 553745
A85: 45586 | B85: Instagram | C85: 8993 | D85: 506 | E85: 562232 | F85: =Twitter!$C85-Twitter!$D85 -> 8487 | G85: 0.015095192 | H85: 3.5131405 | I85: 20028 | K85: 45586 | L85: Instagram | M85: 8487 | X85: 45586 | Z85: 562232
A86: 45593 | B86: YouTube | C86: 7007 | D86: 568 | E86: 568671 | F86: =Twitter!$C86-Twitter!$D86 -> 6439 | G86: 0.011322891 | H86: 11.505071 | I86: 22448 | K86: 45593 | L86: YouTube | M86: 6439 | X86: 45593 | Z86: 568671
A87: 45593 | B87: YouTube | C87: 6542 | D87: 539 | E87: 574674 | F87: =Twitter!$C87-Twitter!$D87 -> 6003 | G87: 0.010445922 | H87: 6.4069368 | I87: 55253 | K87: 45593 | L87: YouTube | M87: 6003 | X87: 45593 | Z87: 574674
A88: 45593 | B88: LinkedIn | C88: 7356 | D88: 904 | E88: 581126 | F88: =Twitter!$C88-Twitter!$D88 -> 6452 | G88: 0.011102584 | H88: 17.560908 | I88: 44051 | K88: 45593 | L88: LinkedIn | M88: 6452 | X88: 45593 | Z88: 581126
A89: 45593 | B89: LinkedIn | C89: 9433 | D89: 1073 | E89: 589486 | F89: =Twitter!$C89-Twitter!$D89 -> 8360 | G89: 0.014181847 | H89: 7.2934726 | I89: 59811 | K89: 45593 | L89: LinkedIn | M89: 8360 | X89: 45593 | Z89: 589486
A90: 45600 | B90: Twitter | C90: 8380 | D90: 1162 | E90: 596704 | F90: =Twitter!$C90-Twitter!$D90 -> 7218 | G90: 0.01209645 | H90: 18.058535 | I90: 40447 | K90: 45600 | M90: 7218 | X90: 45600 | Z90: 596704
A91: 45600 | B91: YouTube | C91: 3385 | D91: 329 | E91: 599760 | F91: =Twitter!$C91-Twitter!$D91 -> 3056 | G91: 0.0050953715 | H91: 17.61788 | I91: 28394 | K91: 45600 | L91: YouTube | M91: 3056 | X91: 45600 | Z91: 599760
A92: 45600 | B92: LinkedIn | C92: 5268 | D92: 326 | E92: 604702 | F92: =Twitter!$C92-Twitter!$D92 -> 4942 | G92: 0.0081726206 | H92: 23.435841 | I92: 44501 | K92: 45600 | L92: LinkedIn | M92: 4942 | X92: 45600 | Z92: 604702
A93: 45600 | B93: Twitter | C93: 1671 | D93: 202 | E93: 606171 | F93: =Twitter!$C93-Twitter!$D93 -> 1469 | G93: 0.0024234086 | H93: 15.150015 | I93: 40254 | K93: 45600 | M93: 1469 | X93: 45600 | Z93: 606171
A94: 45607 | B94: Twitter | C94: 1163 | D94: 146 | E94: 607188 | F94: =Twitter!$C94-Twitter!$D94 -> 1017 | G94: 0.0016749343 | H94: 21.777769 | I94: 28509 | K94: 45607 | M94: 1017 | X94: 45607 | Z94: 607188
A95: 45607 | B95: Twitter | C95: 9656 | D95: 1024 | E95: 615820 | F95: =Twitter!$C95-Twitter!$D95 -> 8632 | G95: 0.014017083 | H95: 8.7252769 | I95: 58998 | K95: 45607 | M95: 8632 | X95: 45607 | Z95: 615820
A96: 45607 | B96: LinkedIn | C96: 5592 | D96: 710 | E96: 620702 | F96: =Twitter!$C96-Twitter!$D96 -> 4882 | G96: 0.007865288 | H96: 9.0711807 | I96: 24472 | K96: 45607 | L96: LinkedIn | M96: 4882 | X96: 45607 | Z96: 620702
A97: 45607 | B97: YouTube | C97: 5795 | D97: 575 | E97: 625922 | F97: =Twitter!$C97-Twitter!$D97 -> 5220 | G97: 0.0083396973 | H97: 3.0908005 | I97: 55657 | K97: 45607 | L97: YouTube | M97: 5220 | X97: 45607 | Z97: 625922
A98: 45614 | B98: Instagram | C98: 5798 | D98: 592 | E98: 631128 | F98: =Twitter!$C98-Twitter!$D98 -> 5206 | G98: 0.0082487229 | H98: 1.6774727 | I98: 13471 | K98: 45614 | L98: Instagram | M98: 5206 | X98: 45614 | Z98: 631128
A99: 45614 | B99: Twitter | C99: 7036 | D99: 652 | E99: 637512 | F99: =Twitter!$C99-Twitter!$D99 -> 6384 | G99: 0.010013929 | H99: 3.5705995 | I99: 51796 | K99: 45614 | M99: 6384 | X99: 45614 | Z99: 637512
A100: 45614 | B100: LinkedIn | C100: 3355 | D100: 176 | E100: 640691 | F100: =Twitter!$C100-Twitter!$D100 -> 3179 | G100: 0.0049618303 | H100: 12.426427 | I100: 40268 | K100: 45614 | L100: LinkedIn | M100: 3179 | X100: 45614 | Z100: 640691
...

Sheet YouTube
A1: Week_Start_Date | B1: Platform | C1: New_Followers | D1: Unfollows | E1: Total_Followers | F1: Net Followers Gain | G1: Follower Growth Rate | H1: Engagement_Rate | I1: Ad_Spend | K1: Week_Start_Date | L1: Column1 | M1: Net Followers Gain | X1: Week_Start_Date | Y1: Column1 | Z1: Total_Followers
A2: 45446 | B2: Instagram | C2: 4138 | D2: 361 | E2: 103777 | F2: =YouTube!$C2-YouTube!$D2 -> 3777 | G2: 0.036395348 | H2: 56.637791 | I2: 23944 | K2: 45446 | L2: Instagram | M2: 3777 | X2: 45446 | Z2: 103777
A3: 45446 | B3: Twitter | C3: 8693 | D3: 1261 | E3: 111209 | F3: =YouTube!$C3-YouTube!$D3 -> 7432 | G3: 0.066829124 | H3: 69.475492 | I3: 29873 | K3: 45446 | L3: Twitter | M3: 7432 | X3: 45446 | Z3: 111209
A4: 45446 | B4: YouTube | C4: 9264 | D4: 1141 | E4: 119332 | F4: =YouTube!$C4-YouTube!$D4 -> 8123 | G4: 0.068070593 | H4: 92.312205 | I4: 50372 | K4: 45446 | M4: 8123 | X4: 45446 | Z4: 119332
A5: 45446 | B5: YouTube | C5: 8842 | D5: 971 | E5: 127203 | F5: =YouTube!$C5-YouTube!$D5 -> 7871 | G5: 0.061877471 | H5: 16.351816 | I5: 33928 | K5: 45446 | M5: 7871 | X5: 45446 | Z5: 127203
A6: 45453 | B6: Instagram | C6: 7721 | D6: 506 | E6: 134418 | F6: =YouTube!$C6-YouTube!$D6 -> 7215 | G6: 0.053675847 | H6: 35.577824 | I6: 25379 | K6: 45453 | L6: Instagram | M6: 7215 | X6: 45453 | Z6: 134418
A7: 45453 | B7: YouTube | C7: 8002 | D7: 524 | E7: 141896 | F7: =YouTube!$C7-YouTube!$D7 -> 7478 | G7: 0.052700569 | H7: 52.064893 | I7: 46751 | K7: 45453 | M7: 7478 | X7: 45453 | Z7: 141896
A8: 45453 | B8: Twitter | C8: 5225 | D8: 291 | E8: 146830 | F8: =YouTube!$C8-YouTube!$D8 -> 4934 | G8: 0.033603487 | H8: 19.551863 | I8: 44546 | K8: 45453 | L8: Twitter | M8: 4934 | X8: 45453 | Z8: 146830
A9: 45453 | B9: Twitter | C9: 3978 | D9: 543 | E9: 150265 | F9: =YouTube!$C9-YouTube!$D9 -> 3435 | G9: 0.022859615 | H9: 49.159818 | I9: 34286 | K9: 45453 | L9: Twitter | M9: 3435 | X9: 45453 | Z9: 150265
A10: 45460 | B10: Instagram | C10: 8373 | D10: 921 | E10: 157717 | F10: =YouTube!$C10-YouTube!$D10 -> 7452 | G10: 0.047249187 | H10: 12.226329 | I10: 15110 | K10: 45460 | L10: Instagram | M10: 7452 | X10: 45460 | Z10: 157717
A11: 45460 | B11: Twitter | C11: 6907 | D11: 834 | E11: 163790 | F11: =YouTube!$C11-YouTube!$D11 -> 6073 | G11: 0.037077966 | H11: 54.158984 | I11: 22087 | K11: 45460 | L11: Twitter | M11: 6073 | X11: 45460 | Z11: 163790
A12: 45460 | B12: LinkedIn | C12: 7097 | D12: 369 | E12: 170518 | F12: =YouTube!$C12-YouTube!$D12 -> 6728 | G12: 0.039456245 | H12: 9.2506363 | I12: 33762 | K12: 45460 | L12: LinkedIn | M12: 6728 | X12: 45460 | Z12: 170518
A13: 45460 | B13: Instagram | C13: 6656 | D13: 978 | E13: 176196 | F13: =YouTube!$C13-YouTube!$D13 -> 5678 | G13: 0.032225476 | H13: 60.425889 | I13: 27081 | K13: 45460 | L13: Instagram | M13: 5678 | X13: 45460 | Z13: 176196
A14: 45467 | B14: Twitter | C14: 9984 | D14: 1330 | E14: 184850 | F14: =YouTube!$C14-YouTube!$D14 -> 8654 | G14: 0.046816338 | H14: 57.524479 | I14: 44947 | K14: 45467 | L14: Twitter | M14: 8654 | X14: 45467 | Z14: 184850
A15: 45467 | B15: Instagram | C15: 5259 | D15: 374 | E15: 189735 | F15: =YouTube!$C15-YouTube!$D15 -> 4885 | G15: 0.025746436 | H15: 14.827523 | I15: 19596 | K15: 45467 | L15: Instagram | M15: 4885 | X15: 45467 | Z15: 189735
A16: 45467 | B16: YouTube | C16: 9286 | D16: 633 | E16: 198388 | F16: =YouTube!$C16-YouTube!$D16 -> 8653 | G16: 0.043616549 | H16: 5.4343005 | I16: 48019 | K16: 45467 | M16: 8653 | X16: 45467 | Z16: 198388
A17: 45467 | B17: Twitter | C17: 6901 | D17: 471 | E17: 204818 | F17: =YouTube!$C17-YouTube!$D17 -> 6430 | G17: 0.031393725 | H17: 60.827662 | I17: 52003 | K17: 45467 | L17: Twitter | M17: 6430 | X17: 45467 | Z17: 204818
A18: 45474 | B18: LinkedIn | C18: 5917 | D18: 475 | E18: 210260 | F18: =YouTube!$C18-YouTube!$D18 -> 5442 | G18: 0.025882241 | H18: 17.894036 | I18: 28313 | K18: 45474 | L18: LinkedIn | M18: 5442 | X18: 45474 | Z18: 210260
A19: 45474 | B19: Twitter | C19: 9429 | D19: 966 | E19: 218723 | F19: =YouTube!$C19-YouTube!$D19 -> 8463 | G19: 0.038692776 | H19: 7.6914636 | I19: 57639 | K19: 45474 | L19: Twitter | M19: 8463 | X19: 45474 | Z19: 218723
A20: 45474 | B20: Instagram | C20: 3530 | D20: 328 | E20: 221925 | F20: =YouTube!$C20-YouTube!$D20 -> 3202 | G20: 0.014428298 | H20: 12.83722 | I20: 11013 | K20: 45474 | L20: Instagram | M20: 3202 | X20: 45474 | Z20: 221925
A21: 45474 | B21: Instagram | C21: 2960 | D21: 234 | E21: 224651 | F21: =YouTube!$C21-YouTube!$D21 -> 2726 | G21: 0.012134377 | H21: 17.412787 | I21: 59378 | K21: 45474 | L21: Instagram | M21: 2726 | X21: 45474 | Z21: 224651
A22: 45481 | B22: Twitter | C22: 8045 | D22: 894 | E22: 231802 | F22: =YouTube!$C22-YouTube!$D22 -> 7151 | G22: 0.030849604 | H22: 47.634188 | I22: 33705 | K22: 45481 | L22: Twitter | M22: 7151 | X22: 45481 | Z22: 231802
A23: 45481 | B23: LinkedIn | C23: 2048 | D23: 130 | E23: 233720 | F23: =YouTube!$C23-YouTube!$D23 -> 1918 | G23: 0.0082064008 | H23: 39.284614 | I23: 11828 | K23: 45481 | L23: LinkedIn | M23: 1918 | X23: 45481 | Z23: 233720
A24: 45481 | B24: LinkedIn | C24: 6772 | D24: 536 | E24: 239956 | F24: =YouTube!$C24-YouTube!$D24 -> 6236 | G24: 0.025988098 | H24: 9.8205504 | I24: 17909 | K24: 45481 | L24: LinkedIn | M24: 6236 | X24: 45481 | Z24: 239956
A25: 45481 | B25: LinkedIn | C25: 3529 | D25: 305 | E25: 243180 | F25: =YouTube!$C25-YouTube!$D25 -> 3224 | G25: 0.013257669 | H25: 41.606629 | I25: 48356 | K25: 45481 | L25: LinkedIn | M25: 3224 | X25: 45481 | Z25: 243180
A26: 45488 | B26: Instagram | C26: 3964 | D26: 378 | E26: 246766 | F26: =YouTube!$C26-YouTube!$D26 -> 3586 | G26: 0.014531986 | H26: 13.63559 | I26: 23109 | K26: 45488 | L26: Instagram | M26: 3586 | X26: 45488 | Z26: 246766
A27: 45488 | B27: Twitter | C27: 8137 | D27: 1045 | E27: 253858 | F27: =YouTube!$C27-YouTube!$D27 -> 7092 | G27: 0.027936878 | H27: 20.472469 | I27: 12023 | K27: 45488 | L27: Twitter | M27: 7092 | X27: 45488 | Z27: 253858
A28: 45488 | B28: YouTube | C28: 1963 | D28: 137 | E28: 255684 | F28: =YouTube!$C28-YouTube!$D28 -> 1826 | G28: 0.0071416279 | H28: 11.208367 | I28: 24537 | K28: 45488 | M28: 1826 | X28: 45488 | Z28: 255684
A29: 45488 | B29: Instagram | C29: 1536 | D29: 155 | E29: 257065 | F29: =YouTube!$C29-YouTube!$D29 -> 1381 | G29: 0.0053721821 | H29: 12.157626 | I29: 36661 | K29: 45488 | L29: Instagram | M29: 1381 | X29: 45488 | Z29: 257065
A30: 45495 | B30: LinkedIn | C30: 8340 | D30: 911 | E30: 264494 | F30: =YouTube!$C30-YouTube!$D30 -> 7429 | G30: 0.028087594 | H30: 37.302926 | I30: 48659 | K30: 45495 | L30: LinkedIn | M30: 7429 | X30: 45495 | Z30: 264494
A31: 45495 | B31: Twitter | C31: 8179 | D31: 446 | E31: 272227 | F31: =YouTube!$C31-YouTube!$D31 -> 7733 | G31: 0.02840644 | H31: 41.821715 | I31: 43848 | K31: 45495 | L31: Twitter | M31: 7733 | X31: 45495 | Z31: 272227
A32: 45495 | B32: LinkedIn | C32: 8967 | D32: 993 | E32: 280201 | F32: =YouTube!$C32-YouTube!$D32 -> 7974 | G32: 0.028458143 | H32: 52.792103 | I32: 47804 | K32: 45495 | L32: LinkedIn | M32: 7974 | X32: 45495 | Z32: 280201
A33: 45495 | B33: YouTube | C33: 9734 | D33: 652 | E33: 289283 | F33: =YouTube!$C33-YouTube!$D33 -> 9082 | G33: 0.031394862 | H33: 49.647923 | I33: 25379 | K33: 45495 | M33: 9082 | X33: 45495 | Z33: 289283
A34: 45502 | B34: LinkedIn | C34: 1845 | D34: 104 | E34: 291024 | F34: =YouTube!$C34-YouTube!$D34 -> 1741 | G34: 0.0059823245 | H34: 28.158159 | I34: 37766 | K34: 45502 | L34: LinkedIn | M34: 1741 | X34: 45502 | Z34: 291024
A35: 45502 | B35: LinkedIn | C35: 6777 | D35: 981 | E35: 296820 | F35: =YouTube!$C35-YouTube!$D35 -> 5796 | G35: 0.019526986 | H35: 23.920558 | I35: 53590 | K35: 45502 | L35: LinkedIn | M35: 5796 | X35: 45502 | Z35: 296820
A36: 45502 | B36: YouTube | C36: 4036 | D36: 591 | E36: 300265 | F36: =YouTube!$C36-YouTube!$D36 -> 3445 | G36: 0.011473199 | H36: 44.219273 | I36: 12563 | K36: 45502 | M36: 3445 | X36: 45502 | Z36: 300265
A37: 45502 | B37: Twitter | C37: 6947 | D37: 908 | E37: 306304 | F37: =YouTube!$C37-YouTube!$D37 -> 6039 | G37: 0.019715707 | H37: 14.117674 | I37: 46060 | K37: 45502 | L37: Twitter | M37: 6039 | X37: 45502 | Z37: 306304
A38: 45509 | B38: Instagram | C38: 3494 | D38: 281 | E38: 309517 | F38: =YouTube!$C38-YouTube!$D38 -> 3213 | G38: 0.01038069 | H38: 27.765519 | I38: 39197 | K38: 45509 | L38: Instagram | M38: 3213 | X38: 45509 | Z38: 309517
A39: 45509 | B39: Twitter | C39: 3719 | D39: 222 | E39: 313014 | F39: =YouTube!$C39-YouTube!$D39 -> 3497 | G39: 0.011172024 | H39: 21.669318 | I39: 13586 | K39: 45509 | L39: Twitter | M39: 3497 | X39: 45509 | Z39: 313014
A40: 45509 | B40: YouTube | C40: 2884 | D40: 341 | E40: 315557 | F40: =YouTube!$C40-YouTube!$D40 -> 2543 | G40: 0.0080587659 | H40: 46.99975 | I40: 26087 | K40: 45509 | M40: 2543 | X40: 45509 | Z40: 315557
A41: 45509 | B41: LinkedIn | C41: 5349 | D41: 502 | E41: 320404 | F41: =YouTube!$C41-YouTube!$D41 -> 4847 | G41: 0.015127776 | H41: 5.2152907 | I41: 58868 | K41: 45509 | L41: LinkedIn | M41: 4847 | X41: 45509 | Z41: 320404
A42: 45516 | B42: Twitter | C42: 6179 | D42: 384 | E42: 326199 | F42: =YouTube!$C42-YouTube!$D42 -> 5795 | G42: 0.017765229 | H42: 14.712185 | I42: 33225 | K42: 45516 | L42: Twitter | M42: 5795 | X42: 45516 | Z42: 326199
A43: 45516 | B43: Instagram | C43: 7610 | D43: 757 | E43: 333052 | F43: =YouTube!$C43-YouTube!$D43 -> 6853 | G43: 0.020576366 | H43: 44.450416 | I43: 39750 | K43: 45516 | L43: Instagram | M43: 6853 | X43: 45516 | Z43: 333052
A44: 45516 | B44: YouTube | C44: 7430 | D44: 397 | E44: 340085 | F44: =YouTube!$C44-YouTube!$D44 -> 7033 | G44: 0.020680124 | H44: 28.065043 | I44: 16643 | K44: 45516 | M44: 7033 | X44: 45516 | Z44: 340085
A45: 45516 | B45: Twitter | C45: 8154 | D45: 1149 | E45: 347090 | F45: =YouTube!$C45-YouTube!$D45 -> 7005 | G45: 0.020182085 | H45: 26.003918 | I45: 37523 | K45: 45516 | L45: Twitter | M45: 7005 | X45: 45516 | Z45: 347090
A46: 45523 | B46: Instagram | C46: 7488 | D46: 568 | E46: 354010 | F46: =YouTube!$C46-YouTube!$D46 -> 6920 | G46: 0.01954747 | H46: 13.477303 | I46: 46727 | K46: 45523 | L46: Instagram | M46: 6920 | X46: 45523 | Z46: 354010
A47: 45523 | B47: YouTube | C47: 5737 | D47: 666 | E47: 359081 | F47: =YouTube!$C47-YouTube!$D47 -> 5071 | G47: 0.014122162 | H47: 4.6034182 | I47: 21005 | K47: 45523 | M47: 5071 | X47: 45523 | Z47: 359081
A48: 45523 | B48: Instagram | C48: 7525 | D48: 610 | E48: 365996 | F48: =YouTube!$C48-YouTube!$D48 -> 6915 | G48: 0.018893649 | H48: 5.769462 | I48: 53543 | K48: 45523 | L48: Instagram | M48: 6915 | X48: 45523 | Z48: 365996
A49: 45523 | B49: YouTube | C49: 4850 | D49: 494 | E49: 370352 | F49: =YouTube!$C49-YouTube!$D49 -> 4356 | G49: 0.011761783 | H49: 20.465395 | I49: 10161 | K49: 45523 | M49: 4356 | X49: 45523 | Z49: 370352
A50: 45530 | B50: LinkedIn | C50: 1689 | D50: 176 | E50: 371865 | F50: =YouTube!$C50-YouTube!$D50 -> 1513 | G50: 0.0040686808 | H50: 38.012182 | I50: 26029 | K50: 45530 | L50: LinkedIn | M50: 1513 | X50: 45530 | Z50: 371865
A51: 45530 | B51: Twitter | C51: 6175 | D51: 422 | E51: 377618 | F51: =YouTube!$C51-YouTube!$D51 -> 5753 | G51: 0.015234973 | H51: 37.861013 | I51: 59745 | K51: 45530 | L51: Twitter | M51: 5753 | X51: 45530 | Z51: 377618
A52: 45530 | B52: Instagram | C52: 9648 | D52: 1417 | E52: 385849 | F52: =YouTube!$C52-YouTube!$D52 -> 8231 | G52: 0.021332179 | H52: 3.6633502 | I52: 24226 | K52: 45530 | L52: Instagram | M52: 8231 | X52: 45530 | Z52: 385849
A53: 45530 | B53: YouTube | C53: 6078 | D53: 775 | E53: 391152 | F53: =YouTube!$C53-YouTube!$D53 -> 5303 | G53: 0.013557389 | H53: 37.760513 | I53: 38731 | K53: 45530 | M53: 5303 | X53: 45530 | Z53: 391152
A54: 45537 | B54: Instagram | C54: 6448 | D54: 928 | E54: 396672 | F54: =YouTube!$C54-YouTube!$D54 -> 5520 | G54: 0.013915779 | H54: 30.118587 | I54: 53922 | K54: 45537 | L54: Instagram | M54: 5520 | X54: 45537 | Z54: 396672
A55: 45537 | B55: Instagram | C55: 2179 | D55: 303 | E55: 398548 | F55: =YouTube!$C55-YouTube!$D55 -> 1876 | G55: 0.0047070867 | H55: 33.909843 | I55: 54848 | K55: 45537 | L55: Instagram | M55: 1876 | X55: 45537 | Z55: 398548
A56: 45537 | B56: Twitter | C56: 7406 | D56: 813 | E56: 405141 | F56: =YouTube!$C56-YouTube!$D56 -> 6593 | G56: 0.016273347 | H56: 24.457411 | I56: 13390 | K56: 45537 | L56: Twitter | M56: 6593 | X56: 45537 | Z56: 405141
A57: 45537 | B57: LinkedIn | C57: 9591 | D57: 1363 | E57: 413369 | F57: =YouTube!$C57-YouTube!$D57 -> 8228 | G57: 0.019904734 | H57: 10.494256 | I57: 15997 | K57: 45537 | L57: LinkedIn | M57: 8228 | X57: 45537 | Z57: 413369
A58: 45544 | B58: Instagram | C58: 7907 | D58: 465 | E58: 420811 | F58: =YouTube!$C58-YouTube!$D58 -> 7442 | G58: 0.017684899 | H58: 33.257448 | I58: 22693 | K58: 45544 | L58: Instagram | M58: 7442 | X58: 45544 | Z58: 420811
A59: 45544 | B59: YouTube | C59: 9800 | D59: 682 | E59: 429929 | F59: =YouTube!$C59-YouTube!$D59 -> 9118 | G59: 0.021208153 | H59: 6.2966211 | I59: 59815 | K59: 45544 | M59: 9118 | X59: 45544 | Z59: 429929
A60: 45544 | B60: YouTube | C60: 2638 | D60: 143 | E60: 432424 | F60: =YouTube!$C60-YouTube!$D60 -> 2495 | G60: 0.0057698 | H60: 6.9547481 | I60: 52092 | K60: 45544 | M60: 2495 | X60: 45544 | Z60: 432424
A61: 45544 | B61: LinkedIn | C61: 6671 | D61: 550 | E61: 438545 | F61: =YouTube!$C61-YouTube!$D61 -> 6121 | G61: 0.013957519 | H61: 17.750288 | I61: 10541 | K61: 45544 | L61: LinkedIn | M61: 6121 | X61: 45544 | Z61: 438545
A62: 45551 | B62: YouTube | C62: 7928 | D62: 704 | E62: 445769 | F62: =YouTube!$C62-YouTube!$D62 -> 7224 | G62: 0.016205703 | H62: 11.194363 | I62: 31817 | K62: 45551 | M62: 7224 | X62: 45551 | Z62: 445769
A63: 45551 | B63: LinkedIn | C63: 2382 | D63: 183 | E63: 447968 | F63: =YouTube!$C63-YouTube!$D63 -> 2199 | G63: 0.0049088328 | H63: 4.733597 | I63: 47861 | K63: 45551 | L63: LinkedIn | M63: 2199 | X63: 45551 | Z63: 447968
A64: 45551 | B64: YouTube | C64: 2403 | D64: 319 | E64: 450052 | F64: =YouTube!$C64-YouTube!$D64 -> 2084 | G64: 0.004630576 | H64: 29.921209 | I64: 23428 | K64: 45551 | M64: 2084 | X64: 45551 | Z64: 450052
A65: 45551 | B65: Twitter | C65: 4292 | D65: 367 | E65: 453977 | F65: =YouTube!$C65-YouTube!$D65 -> 3925 | G65: 0.0086458125 | H65: 3.5037017 | I65: 53934 | K65: 45551 | L65: Twitter | M65: 3925 | X65: 45551 | Z65: 453977
A66: 45558 | B66: Instagram | C66: 1419 | D66: 110 | E66: 455286 | F66: =YouTube!$C66-YouTube!$D66 -> 1309 | G66: 0.0028751159 | H66: 31.554451 | I66: 58831 | K66: 45558 | L66: Instagram | M66: 1309 | X66: 45558 | Z66: 455286
A67: 45558 | B67: Twitter | C67: 5517 | D67: 575 | E67: 460228 | F67: =YouTube!$C67-YouTube!$D67 -> 4942 | G67: 0.010738156 | H67: 29.458442 | I67: 20258 | K67: 45558 | L67: Twitter | M67: 4942 | X67: 45558 | Z67: 460228
A68: 45558 | B68: Instagram | C68: 4302 | D68: 275 | E68: 464255 | F68: =YouTube!$C68-YouTube!$D68 -> 4027 | G68: 0.0086741123 | H68: 15.721317 | I68: 26044 | K68: 45558 | L68: Instagram | M68: 4027 | X68: 45558 | Z68: 464255
A69: 45558 | B69: Instagram | C69: 8857 | D69: 1153 | E69: 471959 | F69: =YouTube!$C69-YouTube!$D69 -> 7704 | G69: 0.016323452 | H69: 19.214593 | I69: 39411 | K69: 45558 | L69: Instagram | M69: 7704 | X69: 45558 | Z69: 471959
A70: 45565 | B70: Instagram | C70: 8870 | D70: 509 | E70: 480320 | F70: =YouTube!$C70-YouTube!$D70 -> 8361 | G70: 0.017407145 | H70: 25.077865 | I70: 15469 | K70: 45565 | L70: Instagram | M70: 8361 | X70: 45565 | Z70: 480320
A71: 45565 | B71: Twitter | C71: 6693 | D71: 995 | E71: 486018 | F71: =YouTube!$C71-YouTube!$D71 -> 5698 | G71: 0.011723846 | H71: 23.761877 | I71: 38854 | K71: 45565 | L71: Twitter | M71: 5698 | X71: 45565 | Z71: 486018
A72: 45565 | B72: Instagram | C72: 1767 | D72: 224 | E72: 487561 | F72: =YouTube!$C72-YouTube!$D72 -> 1543 | G72: 0.0031647322 | H72: 13.208604 | I72: 16256 | K72: 45565 | L72: Instagram | M72: 1543 | X72: 45565 | Z72: 487561
A73: 45565 | B73: Twitter | C73: 3044 | D73: 212 | E73: 490393 | F73: =YouTube!$C73-YouTube!$D73 -> 2832 | G73: 0.0057749601 | H73: 8.5343796 | I73: 20720 | K73: 45565 | L73: Twitter | M73: 2832 | X73: 45565 | Z73: 490393
A74: 45572 | B74: LinkedIn | C74: 2549 | D74: 128 | E74: 492814 | F74: =YouTube!$C74-YouTube!$D74 -> 2421 | G74: 0.0049126039 | H74: 12.734216 | I74: 43937 | K74: 45572 | L74: LinkedIn | M74: 2421 | X74: 45572 | Z74: 492814
A75: 45572 | B75: YouTube | C75: 7140 | D75: 939 | E75: 499015 | F75: =YouTube!$C75-YouTube!$D75 -> 6201 | G75: 0.01242648 | H75: 25.120888 | I75: 43598 | K75: 45572 | M75: 6201 | X75: 45572 | Z75: 499015
A76: 45572 | B76: YouTube | C76: 4716 | D76: 569 | E76: 503162 | F76: =YouTube!$C76-YouTube!$D76 -> 4147 | G76: 0.0082418784 | H76: 25.648201 | I76: 11651 | K76: 45572 | M76: 4147 | X76: 45572 | Z76: 503162
A77: 45572 | B77: Instagram | C77: 5481 | D77: 673 | E77: 507970 | F77: =YouTube!$C77-YouTube!$D77 -> 4808 | G77: 0.0094651259 | H77: 13.087584 | I77: 29194 | K77: 45572 | L77: Instagram | M77: 4808 | X77: 45572 | Z77: 507970
A78: 45579 | B78: Twitter | C78: 8898 | D78: 1131 | E78: 515737 | F78: =YouTube!$C78-YouTube!$D78 -> 7767 | G78: 0.015060002 | H78: 2.187743 | I78: 35051 | K78: 45579 | L78: Twitter | M78: 7767 | X78: 45579 | Z78: 515737
A79: 45579 | B79: YouTube | C79: 7548 | D79: 433 | E79: 522852 | F79: =YouTube!$C79-YouTube!$D79 -> 7115 | G79: 0.013608057 | H79: 8.3562844 | I79: 37386 | K79: 45579 | M79: 7115 | X79: 45579 | Z79: 522852
A80: 45579 | B80: Twitter | C80: 3293 | D80: 282 | E80: 525863 | F80: =YouTube!$C80-YouTube!$D80 -> 3011 | G80: 0.0057258259 | H80: 27.040693 | I80: 19518 | K80: 45579 | L80: Twitter | M80: 3011 | X80: 45579 | Z80: 525863
A81: 45579 | B81: Twitter | C81: 5837 | D81: 359 | E81: 531341 | F81: =YouTube!$C81-YouTube!$D81 -> 5478 | G81: 0.010309763 | H81: 6.8073045 | I81: 56026 | K81: 45579 | L81: Twitter | M81: 5478 | X81: 45579 | Z81: 531341
A82: 45586 | B82: Instagram | C82: 8758 | D82: 1193 | E82: 538906 | F82: =YouTube!$C82-YouTube!$D82 -> 7565 | G82: 0.014037699 | H82: 3.4213759 | I82: 26184 | K82: 45586 | L82: Instagram | M82: 7565 | X82: 45586 | Z82: 538906
A83: 45586 | B83: YouTube | C83: 7793 | D83: 875 | E83: 545824 | F83: =YouTube!$C83-YouTube!$D83 -> 6918 | G83: 0.012674415 | H83: 5.5136821 | I83: 43787 | K83: 45586 | M83: 6918 | X83: 45586 | Z83: 545824
A84: 45586 | B84: Instagram | C84: 8638 | D84: 717 | E84: 553745 | F84: =YouTube!$C84-YouTube!$D84 -> 7921 | G84: 0.014304418 | H84: 26.921417 | I84: 31621 | K84: 45586 | L84: Instagram | M84: 7921 | X84: 45586 | Z84: 553745
A85: 45586 | B85: Instagram | C85: 8993 | D85: 506 | E85: 562232 | F85: =YouTube!$C85-YouTube!$D85 -> 8487 | G85: 0.015095192 | H85: 3.5131405 | I85: 20028 | K85: 45586 | L85: Instagram | M85: 8487 | X85: 45586 | Z85: 562232
A86: 45593 | B86: YouTube | C86: 7007 | D86: 568 | E86: 568671 | F86: =YouTube!$C86-YouTube!$D86 -> 6439 | G86: 0.011322891 | H86: 11.505071 | I86: 22448 | K86: 45593 | M86: 6439 | X86: 45593 | Z86: 568671
A87: 45593 | B87: YouTube | C87: 6542 | D87: 539 | E87: 574674 | F87: =YouTube!$C87-YouTube!$D87 -> 6003 | G87: 0.010445922 | H87: 6.4069368 | I87: 55253 | K87: 45593 | M87: 6003 | X87: 45593 | Z87: 574674
A88: 45593 | B88: LinkedIn | C88: 7356 | D88: 904 | E88: 581126 | F88: =YouTube!$C88-YouTube!$D88 -> 6452 | G88: 0.011102584 | H88: 17.560908 | I88: 44051 | K88: 45593 | L88: LinkedIn | M88: 6452 | X88: 45593 | Z88: 581126
A89: 45593 | B89: LinkedIn | C89: 9433 | D89: 1073 | E89: 589486 | F89: =YouTube!$C89-YouTube!$D89 -> 8360 | G89: 0.014181847 | H89: 7.2934726 | I89: 59811 | K89: 45593 | L89: LinkedIn | M89: 8360 | X89: 45593 | Z89: 589486
A90: 45600 | B90: Twitter | C90: 8380 | D90: 1162 | E90: 596704 | F90: =YouTube!$C90-YouTube!$D90 -> 7218 | G90: 0.01209645 | H90: 18.058535 | I90: 40447 | K90: 45600 | L90: Twitter | M90: 7218 | X90: 45600 | Z90: 596704
A91: 45600 | B91: YouTube | C91: 3385 | D91: 329 | E91: 599760 | F91: =YouTube!$C91-YouTube!$D91 -> 3056 | G91: 0.0050953715 | H91: 17.61788 | I91: 28394 | K91: 45600 | M91: 3056 | X91: 45600 | Z91: 599760
A92: 45600 | B92: LinkedIn | C92: 5268 | D92: 326 | E92: 604702 | F92: =YouTube!$C92-YouTube!$D92 -> 4942 | G92: 0.0081726206 | H92: 23.435841 | I92: 44501 | K92: 45600 | L92: LinkedIn | M92: 4942 | X92: 45600 | Z92: 604702
A93: 45600 | B93: Twitter | C93: 1671 | D93: 202 | E93: 606171 | F93: =YouTube!$C93-YouTube!$D93 -> 1469 | G93: 0.0024234086 | H93: 15.150015 | I93: 40254 | K93: 45600 | L93: Twitter | M93: 1469 | X93: 45600 | Z93: 606171
A94: 45607 | B94: Twitter | C94: 1163 | D94: 146 | E94: 607188 | F94: =YouTube!$C94-YouTube!$D94 -> 1017 | G94: 0.0016749343 | H94: 21.777769 | I94: 28509 | K94: 45607 | L94: Twitter | M94: 1017 | X94: 45607 | Z94: 607188
A95: 45607 | B95: Twitter | C95: 9656 | D95: 1024 | E95: 615820 | F95: =YouTube!$C95-YouTube!$D95 -> 8632 | G95: 0.014017083 | H95: 8.7252769 | I95: 58998 | K95: 45607 | L95: Twitter | M95: 8632 | X95: 45607 | Z95: 615820
A96: 45607 | B96: LinkedIn | C96: 5592 | D96: 710 | E96: 620702 | F96: =YouTube!$C96-YouTube!$D96 -> 4882 | G96: 0.007865288 | H96: 9.0711807 | I96: 24472 | K96: 45607 | L96: LinkedIn | M96: 4882 | X96: 45607 | Z96: 620702
A97: 45607 | B97: YouTube | C97: 5795 | D97: 575 | E97: 625922 | F97: =YouTube!$C97-YouTube!$D97 -> 5220 | G97: 0.0083396973 | H97: 3.0908005 | I97: 55657 | K97: 45607 | M97: 5220 | X97: 45607 | Z97: 625922
A98: 45614 | B98: Instagram | C98: 5798 | D98: 592 | E98: 631128 | F98: =YouTube!$C98-YouTube!$D98 -> 5206 | G98: 0.0082487229 | H98: 1.6774727 | I98: 13471 | K98: 45614 | L98: Instagram | M98: 5206 | X98: 45614 | Z98: 631128
A99: 45614 | B99: Twitter | C99: 7036 | D99: 652 | E99: 637512 | F99: =YouTube!$C99-YouTube!$D99 -> 6384 | G99: 0.010013929 | H99: 3.5705995 | I99: 51796 | K99: 45614 | L99: Twitter | M99: 6384 | X99: 45614 | Z99: 637512
A100: 45614 | B100: LinkedIn | C100: 3355 | D100: 176 | E100: 640691 | F100: =YouTube!$C100-YouTube!$D100 -> 3179 | G100: 0.0049618303 | H100: 12.426427 | I100: 40268 | K100: 45614 | L100: LinkedIn | M100: 3179 | X100: 45614 | Z100: 640691
...

Sheet LinkdIn
A1: Week_Start_Date | B1: Platform | C1: New_Followers | D1: Unfollows | E1: Total_Followers | F1: Net Followers Gain | G1: Follower Growth Rate | H1: Engagement_Rate | I1: Ad_Spend | K1: Week_Start_Date | L1: Column1 | M1: Net Followers Gain | W1: Week_Start_Date | X1: Column1 | Y1: Total_Followers
A2: 45446 | B2: Instagram | C2: 4138 | D2: 361 | E2: 103777 | F2: =Table4_1416[[#This Row],[New_Followers]]-Table4_1416[[#This Row],[Unfollows]] -> 3777 | G2: 0.036395348 | H2: 56.637791 | I2: 23944 | K2: 45446 | L2: Instagram | M2: 3777 | W2: 45446 | Y2: 103777
A3: 45446 | B3: Twitter | C3: 8693 | D3: 1261 | E3: 111209 | F3: =Table4_1416[[#This Row],[New_Followers]]-Table4_1416[[#This Row],[Unfollows]] -> 7432 | G3: 0.066829124 | H3: 69.475492 | I3: 29873 | K3: 45446 | L3: Twitter | M3: 7432 | W3: 45446 | Y3: 111209
A4: 45446 | B4: YouTube | C4: 9264 | D4: 1141 | E4: 119332 | F4: =Table4_1416[[#This Row],[New_Followers]]-Table4_1416[[#This Row],[Unfollows]] -> 8123 | G4: 0.068070593 | H4: 92.312205 | I4: 50372 | K4: 45446 | L4: YouTube | M4: 8123 | W4: 45446 | Y4: 119332
A5: 45446 | B5: YouTube | C5: 8842 | D5: 971 | E5: 127203 | F5: =Table4_1416[[#This Row],[New_Followers]]-Table4_1416[[#This Row],[Unfollows]] -> 7871 | G5: 0.061877471 | H5: 16.351816 | I5: 33928 | K5: 45446 | L5: YouTube | M5: 7871 | W5: 45446 | Y5: 127203
A6: 45453 | B6: Instagram | C6: 7721 | D6: 506 | E6: 134418 | F6: =Table4_1416[[#This Row],[New_Followers]]-Table4_1416[[#This Row],[Unfollows]] -> 7215 | G6: 0.053675847 | H6: 35.577824 | I6: 25379 | K6: 45453 | L6: Instagram | M6: 7215 | W6: 45453 | Y6: 134418
A7: 45453 | B7: YouTube | C7: 8002 | D7: 524 | E7: 141896 | F7: =Table4_1416[[#This Row],[New_Followers]]-Table4_1416[[#This Row],[Unfollows]] -> 7478 | G7: 0.052700569 | H7: 52.064893 | I7: 46751 | K7: 45453 | L7: YouTube | M7: 7478 | W7: 45453 | Y7: 141896
A8: 45453 | B8: Twitter | C8: 5225 | D8: 291 | E8: 146830 | F8: =Table4_1416[[#This Row],[New_Followers]]-Table4_1416[[#This Row],[Unfollows]] -> 4934 | G8: 0.033603487 | H8: 19.551863 | I8: 44546 | K8: 45453 | L8: Twitter | M8: 4934 | W8: 45453 | Y8: 146830
A9: 45453 | B9: Twitter | C9: 3978 | D9: 543 | E9: 150265 | F9: =Table4_1416[[#This Row],[New_Followers]]-Table4_1416[[#This Row],[Unfollows]] -> 3435 | G9: 0.022859615 | H9: 49.159818 | I9: 34286 | K9: 45453 | L9: Twitter | M9: 3435 | W9: 45453 | Y9: 150265
A10: 45460 | B10: Instagram | C10: 8373 | D10: 921 | E10: 157717 | F10: =Table4_1416[[#This Row],[New_Followers]]-Table4_1416[[#This Row],[Unfollows]] -> 7452 | G10: 0.047249187 | H10: 12.226329 | I10: 15110 | K10: 45460 | L10: Instagram | M10: 7452 | W10: 45460 | Y10: 157717
A11: 45460 | B11: Twitter | C11: 6907 | D11: 834 | E11: 163790 | F11: =Table4_1416[[#This Row],[New_Followers]]-Table4_1416[[#This Row],[Unfollows]] -> 6073 | G11: 0.037077966 | H11: 54.158984 | I11: 22087 | K11: 45460 | L11: Twitter | M11: 6073 | W11: 45460 | Y11: 163790
A12: 45460 | B12: LinkedIn | C12: 7097 | D12: 369 | E12: 170518 | F12: =Table4_1416[[#This Row],[New_Followers]]-Table4_1416[[#This Row],[Unfollows]] -> 6728 | G12: 0.039456245 | H12: 9.2506363 | I12: 33762 | K12: 45460 | M12: 6728 | W12: 45460 | Y12: 170518
A13: 45460 | B13: Instagram | C13: 6656 | D13: 978 | E13: 176196 | F13: =Table4_1416[[#This Row],[New_Followers]]-Table4_1416[[#This Row],[Unfollows]] -> 5678 | G13: 0.032225476 | H13: 60.425889 | I13: 27081 | K13: 45460 | L13: Instagram | M13: 5678 | W13: 45460 | Y13: 176196
A14: 45467 | B14: Twitter | C14: 9984 | D14: 1330 | E14: 184850 | F14: =Table4_1416[[#This Row],[New_Followers]]-Table4_1416[[#This Row],[Unfollows]] -> 8654 | G14: 0.046816338 | H14: 57.524479 | I14: 44947 | K14: 45467 | L14: Twitter | M14: 8654 | W14: 45467 | Y14: 184850
A15: 45467 | B15: Instagram | C15: 5259 | D15: 374 | E15: 189735 | F15: =Table4_1416[[#This Row],[New_Followers]]-Table4_1416[[#This Row],[Unfollows]] -> 4885 | G15: 0.025746436 | H15: 14.827523 | I15: 19596 | K15: 45467 | L15: Instagram | M15: 4885 | W15: 45467 | Y15: 189735
A16: 45467 | B16: YouTube | C16: 9286 | D16: 633 | E16: 198388 | F16: =Table4_1416[[#This Row],[New_Followers]]-Table4_1416[[#This Row],[Unfollows]] -> 8653 | G16: 0.043616549 | H16: 5.4343005 | I16: 48019 | K16: 45467 | L16: YouTube | M16: 8653 | W16: 45467 | Y16: 198388
A17: 45467 | B17: Twitter | C17: 6901 | D17: 471 | E17: 204818 | F17: =Table4_1416[[#This Row],[New_Followers]]-Table4_1416[[#This Row],[Unfollows]] -> 6430 | G17: 0.031393725 | H17: 60.827662 | I17: 52003 | K17: 45467 | L17: Twitter | M17: 6430 | W17: 45467 | Y17: 204818
A18: 45474 | B18: LinkedIn | C18: 5917 | D18: 475 | E18: 210260 | F18: =Table4_1416[[#This Row],[New_Followers]]-Table4_1416[[#This Row],[Unfollows]] -> 5442 | G18: 0.025882241 | H18: 17.894036 | I18: 28313 | K18: 45474 | M18: 5442 | W18: 45474 | Y18: 210260
A19: 45474 | B19: Twitter | C19: 9429 | D19: 966 | E19: 218723 | F19: =Table4_1416[[#This Row],[New_Followers]]-Table4_1416[[#This Row],[Unfollows]] -> 8463 | G19: 0.038692776 | H19: 7.6914636 | I19: 57639 | K19: 45474 | L19: Twitter | M19: 8463 | W19: 45474 | Y19: 218723
A20: 45474 | B20: Instagram | C20: 3530 | D20: 328 | E20: 221925 | F20: =Table4_1416[[#This Row],[New_Followers]]-Table4_1416[[#This Row],[Unfollows]] -> 3202 | G20: 0.014428298 | H20: 12.83722 | I20: 11013 | K20: 45474 | L20: Instagram | M20: 3202 | W20: 45474 | Y20: 221925
A21: 45474 | B21: Instagram | C21: 2960 | D21: 234 | E21: 224651 | F21: =Table4_1416[[#This Row],[New_Followers]]-Table4_1416[[#This Row],[Unfollows]] -> 2726 | G21: 0.012134377 | H21: 17.412787 | I21: 59378 | K21: 45474 | L21: Instagram | M21: 2726 | W21: 45474 | Y21: 224651
A22: 45481 | B22: Twitter | C22: 8045 | D22: 894 | E22: 231802 | F22: =Table4_1416[[#This Row],[New_Followers]]-Table4_1416[[#This Row],[Unfollows]] -> 7151 | G22: 0.030849604 | H22: 47.634188 | I22: 33705 | K22: 45481 | L22: Twitter | M22: 7151 | W22: 45481 | Y22: 231802
A23: 45481 | B23: LinkedIn | C23: 2048 | D23: 130 | E23: 233720 | F23: =Table4_1416[[#This Row],[New_Followers]]-Table4_1416[[#This Row],[Unfollows]] -> 1918 | G23: 0.0082064008 | H23: 39.284614 | I23: 11828 | K23: 45481 | M23: 1918 | W23: 45481 | Y23: 233720
A24: 45481 | B24: LinkedIn | C24: 6772 | D24: 536 | E24: 239956 | F24: =Table4_1416[[#This Row],[New_Followers]]-Table4_1416[[#This Row],[Unfollows]] -> 6236 | G24: 0.025988098 | H24: 9.8205504 | I24: 17909 | K24: 45481 | M24: 6236 | W24: 45481 | Y24: 239956
A25: 45481 | B25: LinkedIn | C25: 3529 | D25: 305 | E25: 243180 | F25: =Table4_1416[[#This Row],[New_Followers]]-Table4_1416[[#This Row],[Unfollows]] -> 3224 | G25: 0.013257669 | H25: 41.606629 | I25: 48356 | K25: 45481 | M25: 3224 | W25: 45481 | Y25: 243180
A26: 45488 | B26: Instagram | C26: 3964 | D26: 378 | E26: 246766 | F26: =Table4_1416[[#This Row],[New_Followers]]-Table4_1416[[#This Row],[Unfollows]] -> 3586 | G26: 0.014531986 | H26: 13.63559 | I26: 23109 | K26: 45488 | L26: Instagram | M26: 3586 | W26: 45488 | Y26: 246766
A27: 45488 | B27: Twitter | C27: 8137 | D27: 1045 | E27: 253858 | F27: =Table4_1416[[#This Row],[New_Followers]]-Table4_1416[[#This Row],[Unfollows]] -> 7092 | G27: 0.027936878 | H27: 20.472469 | I27: 12023 | K27: 45488 | L27: Twitter | M27: 7092 | W27: 45488 | Y27: 253858
A28: 45488 | B28: YouTube | C28: 1963 | D28: 137 | E28: 255684 | F28: =Table4_1416[[#This Row],[New_Followers]]-Table4_1416[[#This Row],[Unfollows]] -> 1826 | G28: 0.0071416279 | H28: 11.208367 | I28: 24537 | K28: 45488 | L28: YouTube | M28: 1826 | W28: 45488 | Y28: 255684
A29: 45488 | B29: Instagram | C29: 1536 | D29: 155 | E29: 257065 | F29: =Table4_1416[[#This Row],[New_Followers]]-Table4_1416[[#This Row],[Unfollows]] -> 1381 | G29: 0.0053721821 | H29: 12.157626 | I29: 36661 | K29: 45488 | L29: Instagram | M29: 1381 | W29: 45488 | Y29: 257065
A30: 45495 | B30: LinkedIn | C30: 8340 | D30: 911 | E30: 264494 | F30: =Table4_1416[[#This Row],[New_Followers]]-Table4_1416[[#This Row],[Unfollows]] -> 7429 | G30: 0.028087594 | H30: 37.302926 | I30: 48659 | K30: 45495 | M30: 7429 | W30: 45495 | Y30: 264494
A31: 45495 | B31: Twitter | C31: 8179 | D31: 446 | E31: 272227 | F31: =Table4_1416[[#This Row],[New_Followers]]-Table4_1416[[#This Row],[Unfollows]] -> 7733 | G31: 0.02840644 | H31: 41.821715 | I31: 43848 | K31: 45495 | L31: Twitter | M31: 7733 | W31: 45495 | Y31: 272227
A32: 45495 | B32: LinkedIn | C32: 8967 | D32: 993 | E32: 280201 | F32: =Table4_1416[[#This Row],[New_Followers]]-Table4_1416[[#This Row],[Unfollows]] -> 7974 | G32: 0.028458143 | H32: 52.792103 | I32: 47804 | K32: 45495 | M32: 7974 | W32: 45495 | Y32: 280201
A33: 45495 | B33: YouTube | C33: 9734 | D33: 652 | E33: 289283 | F33: =Table4_1416[[#This Row],[New_Followers]]-Table4_1416[[#This Row],[Unfollows]] -> 9082 | G33: 0.031394862 | H33: 49.647923 | I33: 25379 | K33: 45495 | L33: YouTube | M33: 9082 | W33: 45495 | Y33: 289283
A34: 45502 | B34: LinkedIn | C34: 1845 | D34: 104 | E34: 291024 | F34: =Table4_1416[[#This Row],[New_Followers]]-Table4_1416[[#This Row],[Unfollows]] -> 1741 | G34: 0.0059823245 | H34: 28.158159 | I34: 37766 | K34: 45502 | M34: 1741 | W34: 45502 | Y34: 291024
A35: 45502 | B35: LinkedIn | C35: 6777 | D35: 981 | E35: 296820 | F35: =Table4_1416[[#This Row],[New_Followers]]-Table4_1416[[#This Row],[Unfollows]] -> 5796 | G35: 0.019526986 | H35: 23.920558 | I35: 53590 | K35: 45502 | M35: 5796 | W35: 45502 | Y35: 296820
A36: 45502 | B36: YouTube | C36: 4036 | D36: 591 | E36: 300265 | F36: =Table4_1416[[#This Row],[New_Followers]]-Table4_1416[[#This Row],[Unfollows]] -> 3445 | G36: 0.011473199 | H36: 44.219273 | I36: 12563 | K36: 45502 | L36: YouTube | M36: 3445 | W36: 45502 | Y36: 300265
A37: 45502 | B37: Twitter | C37: 6947 | D37: 908 | E37: 306304 | F37: =Table4_1416[[#This Row],[New_Followers]]-Table4_1416[[#This Row],[Unfollows]] -> 6039 | G37: 0.019715707 | H37: 14.117674 | I37: 46060 | K37: 45502 | L37: Twitter | M37: 6039 | W37: 45502 | Y37: 306304
A38: 45509 | B38: Instagram | C38: 3494 | D38: 281 | E38: 309517 | F38: =Table4_1416[[#This Row],[New_Followers]]-Table4_1416[[#This Row],[Unfollows]] -> 3213 | G38: 0.01038069 | H38: 27.765519 | I38: 39197 | K38: 45509 | L38: Instagram | M38: 3213 | W38: 45509 | Y38: 309517
A39: 45509 | B39: Twitter | C39: 3719 | D39: 222 | E39: 313014 | F39: =Table4_1416[[#This Row],[New_Followers]]-Table4_1416[[#This Row],[Unfollows]] -> 3497 | G39: 0.011172024 | H39: 21.669318 | I39: 13586 | K39: 45509 | L39: Twitter | M39: 3497 | W39: 45509 | Y39: 313014
A40: 45509 | B40: YouTube | C40: 2884 | D40: 341 | E40: 315557 | F40: =Table4_1416[[#This Row],[New_Followers]]-Table4_1416[[#This Row],[Unfollows]] -> 2543 | G40: 0.0080587659 | H40: 46.99975 | I40: 26087 | K40: 45509 | L40: YouTube | M40: 2543 | W40: 45509 | Y40: 315557
A41: 45509 | B41: LinkedIn | C41: 5349 | D41: 502 | E41: 320404 | F41: =Table4_1416[[#This Row],[New_Followers]]-Table4_1416[[#This Row],[Unfollows]] -> 4847 | G41: 0.015127776 | H41: 5.2152907 | I41: 58868 | K41: 45509 | M41: 4847 | W41: 45509 | Y41: 320404
A42: 45516 | B42: Twitter | C42: 6179 | D42: 384 | E42: 326199 | F42: =Table4_1416[[#This Row],[New_Followers]]-Table4_1416[[#This Row],[Unfollows]] -> 5795 | G42: 0.017765229 | H42: 14.712185 | I42: 33225 | K42: 45516 | L42: Twitter | M42: 5795 | W42: 45516 | Y42: 326199
A43: 45516 | B43: Instagram | C43: 7610 | D43: 757 | E43: 333052 | F43: =Table4_1416[[#This Row],[New_Followers]]-Table4_1416[[#This Row],[Unfollows]] -> 6853 | G43: 0.020576366 | H43: 44.450416 | I43: 39750 | K43: 45516 | L43: Instagram | M43: 6853 | W43: 45516 | Y43: 333052
A44: 45516 | B44: YouTube | C44: 7430 | D44: 397 | E44: 340085 | F44: =Table4_1416[[#This Row],[New_Followers]]-Table4_1416[[#This Row],[Unfollows]] -> 7033 | G44: 0.020680124 | H44: 28.065043 | I44: 16643 | K44: 45516 | L44: YouTube | M44: 7033 | W44: 45516 | Y44: 340085
A45: 45516 | B45: Twitter | C45: 8154 | D45: 1149 | E45: 347090 | F45: =Table4_1416[[#This Row],[New_Followers]]-Table4_1416[[#This Row],[Unfollows]] -> 7005 | G45: 0.020182085 | H45: 26.003918 | I45: 37523 | K45: 45516 | L45: Twitter | M45: 7005 | W45: 45516 | Y45: 347090
A46: 45523 | B46: Instagram | C46: 7488 | D46: 568 | E46: 354010 | F46: =Table4_1416[[#This Row],[New_Followers]]-Table4_1416[[#This Row],[Unfollows]] -> 6920 | G46: 0.01954747 | H46: 13.477303 | I46: 46727 | K46: 45523 | L46: Instagram | M46: 6920 | W46: 45523 | Y46: 354010
A47: 45523 | B47: YouTube | C47: 5737 | D47: 666 | E47: 359081 | F47: =Table4_1416[[#This Row],[New_Followers]]-Table4_1416[[#This Row],[Unfollows]] -> 5071 | G47: 0.014122162 | H47: 4.6034182 | I47: 21005 | K47: 45523 | L47: YouTube | M47: 5071 | W47: 45523 | Y47: 359081
A48: 45523 | B48: Instagram | C48: 7525 | D48: 610 | E48: 365996 | F48: =Table4_1416[[#This Row],[New_Followers]]-Table4_1416[[#This Row],[Unfollows]] -> 6915 | G48: 0.018893649 | H48: 5.769462 | I48: 53543 | K48: 45523 | L48: Instagram | M48: 6915 | W48: 45523 | Y48: 365996
A49: 45523 | B49: YouTube | C49: 4850 | D49: 494 | E49: 370352 | F49: =Table4_1416[[#This Row],[New_Followers]]-Table4_1416[[#This Row],[Unfollows]] -> 4356 | G49: 0.011761783 | H49: 20.465395 | I49: 10161 | K49: 45523 | L49: YouTube | M49: 4356 | W49: 45523 | Y49: 370352
A50: 45530 | B50: LinkedIn | C50: 1689 | D50: 176 | E50: 371865 | F50: =Table4_1416[[#This Row],[New_Followers]]-Table4_1416[[#This Row],[Unfollows]] -> 1513 | G50: 0.0040686808 | H50: 38.012182 | I50: 26029 | K50: 45530 | M50: 1513 | W50: 45530 | Y50: 371865
A51: 45530 | B51: Twitter | C51: 6175 | D51: 422 | E51: 377618 | F51: =Table4_1416[[#This Row],[New_Followers]]-Table4_1416[[#This Row],[Unfollows]] -> 5753 | G51: 0.015234973 | H51: 37.861013 | I51: 59745 | K51: 45530 | L51: Twitter | M51: 5753 | W51: 45530 | Y51: 377618
A52: 45530 | B52: Instagram | C52: 9648 | D52: 1417 | E52: 385849 | F52: =Table4_1416[[#This Row],[New_Followers]]-Table4_1416[[#This Row],[Unfollows]] -> 8231 | G52: 0.021332179 | H52: 3.6633502 | I52: 24226 | K52: 45530 | L52: Instagram | M52: 8231 | W52: 45530 | Y52: 385849
A53: 45530 | B53: YouTube | C53: 6078 | D53: 775 | E53: 391152 | F53: =Table4_1416[[#This Row],[New_Followers]]-Table4_1416[[#This Row],[Unfollows]] -> 5303 | G53: 0.013557389 | H53: 37.760513 | I53: 38731 | K53: 45530 | L53: YouTube | M53: 5303 | W53: 45530 | Y53: 391152
A54: 45537 | B54: Instagram | C54: 6448 | D54: 928 | E54: 396672 | F54: =Table4_1416[[#This Row],[New_Followers]]-Table4_1416[[#This Row],[Unfollows]] -> 5520 | G54: 0.013915779 | H54: 30.118587 | I54: 53922 | K54: 45537 | L54: Instagram | M54: 5520 | W54: 45537 | Y54: 396672
A55: 45537 | B55: Instagram | C55: 2179 | D55: 303 | E55: 398548 | F55: =Table4_1416[[#This Row],[New_Followers]]-Table4_1416[[#This Row],[Unfollows]] -> 1876 | G55: 0.0047070867 | H55: 33.909843 | I55: 54848 | K55: 45537 | L55: Instagram | M55: 1876 | W55: 45537 | Y55: 398548
A56: 45537 | B56: Twitter | C56: 7406 | D56: 813 | E56: 405141 | F56: =Table4_1416[[#This Row],[New_Followers]]-Table4_1416[[#This Row],[Unfollows]] -> 6593 | G56: 0.016273347 | H56: 24.457411 | I56: 13390 | K56: 45537 | L56: Twitter | M56: 6593 | W56: 45537 | Y56: 405141
A57: 45537 | B57: LinkedIn | C57: 9591 | D57: 1363 | E57: 413369 | F57: =Table4_1416[[#This Row],[New_Followers]]-Table4_1416[[#This Row],[Unfollows]] -> 8228 | G57: 0.019904734 | H57: 10.494256 | I57: 15997 | K57: 45537 | M57: 8228 | W57: 45537 | Y57: 413369
A58: 45544 | B58: Instagram | C58: 7907 | D58: 465 | E58: 420811 | F58: =Table4_1416[[#This Row],[New_Followers]]-Table4_1416[[#This Row],[Unfollows]] -> 7442 | G58: 0.017684899 | H58: 33.257448 | I58: 22693 | K58: 45544 | L58: Instagram | M58: 7442 | W58: 45544 | Y58: 420811
A59: 45544 | B59: YouTube | C59: 9800 | D59: 682 | E59: 429929 | F59: =Table4_1416[[#This Row],[New_Followers]]-Table4_1416[[#This Row],[Unfollows]] -> 9118 | G59: 0.021208153 | H59: 6.2966211 | I59: 59815 | K59: 45544 | L59: YouTube | M59: 9118 | W59: 45544 | Y59: 429929
A60: 45544 | B60: YouTube | C60: 2638 | D60: 143 | E60: 432424 | F60: =Table4_1416[[#This Row],[New_Followers]]-Table4_1416[[#This Row],[Unfollows]] -> 2495 | G60: 0.0057698 | H60: 6.9547481 | I60: 52092 | K60: 45544 | L60: YouTube | M60: 2495 | W60: 45544 | Y60: 432424
A61: 45544 | B61: LinkedIn | C61: 6671 | D61: 550 | E61: 438545 | F61: =Table4_1416[[#This Row],[New_Followers]]-Table4_1416[[#This Row],[Unfollows]] -> 6121 | G61: 0.013957519 | H61: 17.750288 | I61: 10541 | K61: 45544 | M61: 6121 | W61: 45544 | Y61: 438545
A62: 45551 | B62: YouTube | C62: 7928 | D62: 704 | E62: 445769 | F62: =Table4_1416[[#This Row],[New_Followers]]-Table4_1416[[#This Row],[Unfollows]] -> 7224 | G62: 0.016205703 | H62: 11.194363 | I62: 31817 | K62: 45551 | L62: YouTube | M62: 7224 | W62: 45551 | Y62: 445769
A63: 45551 | B63: LinkedIn | C63: 2382 | D63: 183 | E63: 447968 | F63: =Table4_1416[[#This Row],[New_Followers]]-Table4_1416[[#This Row],[Unfollows]] -> 2199 | G63: 0.0049088328 | H63: 4.733597 | I63: 47861 | K63: 45551 | M63: 2199 | W63: 45551 | Y63: 447968
A64: 45551 | B64: YouTube | C64: 2403 | D64: 319 | E64: 450052 | F64: =Table4_1416[[#This Row],[New_Followers]]-Table4_1416[[#This Row],[Unfollows]] -> 2084 | G64: 0.004630576 | H64: 29.921209 | I64: 23428 | K64: 45551 | L64: YouTube | M64: 2084 | W64: 45551 | Y64: 450052
A65: 45551 | B65: Twitter | C65: 4292 | D65: 367 | E65: 453977 | F65: =Table4_1416[[#This Row],[New_Followers]]-Table4_1416[[#This Row],[Unfollows]] -> 3925 | G65: 0.0086458125 | H65: 3.5037017 | I65: 53934 | K65: 45551 | L65: Twitter | M65: 3925 | W65: 45551 | Y65: 453977
A66: 45558 | B66: Instagram | C66: 1419 | D66: 110 | E66: 455286 | F66: =Table4_1416[[#This Row],[New_Followers]]-Table4_1416[[#This Row],[Unfollows]] -> 1309 | G66: 0.0028751159 | H66: 31.554451 | I66: 58831 | K66: 45558 | L66: Instagram | M66: 1309 | W66: 45558 | Y66: 455286
A67: 45558 | B67: Twitter | C67: 5517 | D67: 575 | E67: 460228 | F67: =Table4_1416[[#This Row],[New_Followers]]-Table4_1416[[#This Row],[Unfollows]] -> 4942 | G67: 0.010738156 | H67: 29.458442 | I67: 20258 | K67: 45558 | L67: Twitter | M67: 4942 | W67: 45558 | Y67: 460228
A68: 45558 | B68: Instagram | C68: 4302 | D68: 275 | E68: 464255 | F68: =Table4_1416[[#This Row],[New_Followers]]-Table4_1416[[#This Row],[Unfollows]] -> 4027 | G68: 0.0086741123 | H68: 15.721317 | I68: 26044 | K68: 45558 | L68: Instagram | M68: 4027 | W68: 45558 | Y68: 464255
A69: 45558 | B69: Instagram | C69: 8857 | D69: 1153 | E69: 471959 | F69: =Table4_1416[[#This Row],[New_Followers]]-Table4_1416[[#This Row],[Unfollows]] -> 7704 | G69: 0.016323452 | H69: 19.214593 | I69: 39411 | K69: 45558 | L69: Instagram | M69: 7704 | W69: 45558 | Y69: 471959
A70: 45565 | B70: Instagram | C70: 8870 | D70: 509 | E70: 480320 | F70: =Table4_1416[[#This Row],[New_Followers]]-Table4_1416[[#This Row],[Unfollows]] -> 8361 | G70: 0.017407145 | H70: 25.077865 | I70: 15469 | K70: 45565 | L70: Instagram | M70: 8361 | W70: 45565 | Y70: 480320
A71: 45565 | B71: Twitter | C71: 6693 | D71: 995 | E71: 486018 | F71: =Table4_1416[[#This Row],[New_Followers]]-Table4_1416[[#This Row],[Unfollows]] -> 5698 | G71: 0.011723846 | H71: 23.761877 | I71: 38854 | K71: 45565 | L71: Twitter | M71: 5698 | W71: 45565 | Y71: 486018
A72: 45565 | B72: Instagram | C72: 1767 | D72: 224 | E72: 487561 | F72: =Table4_1416[[#This Row],[New_Followers]]-Table4_1416[[#This Row],[Unfollows]] -> 1543 | G72: 0.0031647322 | H72: 13.208604 | I72: 16256 | K72: 45565 | L72: Instagram | M72: 1543 | W72: 45565 | Y72: 487561
A73: 45565 | B73: Twitter | C73: 3044 | D73: 212 | E73: 490393 | F73: =Table4_1416[[#This Row],[New_Followers]]-Table4_1416[[#This Row],[Unfollows]] -> 2832 | G73: 0.0057749601 | H73: 8.5343796 | I73: 20720 | K73: 45565 | L73: Twitter | M73: 2832 | W73: 45565 | Y73: 490393
A74: 45572 | B74: LinkedIn | C74: 2549 | D74: 128 | E74: 492814 | F74: =Table4_1416[[#This Row],[New_Followers]]-Table4_1416[[#This Row],[Unfollows]] -> 2421 | G74: 0.0049126039 | H74: 12.734216 | I74: 43937 | K74: 45572 | M74: 2421 | W74: 45572 | Y74: 492814
A75: 45572 | B75: YouTube | C75: 7140 | D75: 939 | E75: 499015 | F75: =Table4_1416[[#This Row],[New_Followers]]-Table4_1416[[#This Row],[Unfollows]] -> 6201 | G75: 0.01242648 | H75: 25.120888 | I75: 43598 | K75: 45572 | L75: YouTube | M75: 6201 | W75: 45572 | Y75: 499015
A76: 45572 | B76: YouTube | C76: 4716 | D76: 569 | E76: 503162 | F76: =Table4_1416[[#This Row],[New_Followers]]-Table4_1416[[#This Row],[Unfollows]] -> 4147 | G76: 0.0082418784 | H76: 25.648201 | I76: 11651 | K76: 45572 | L76: YouTube | M76: 4147 | W76: 45572 | Y76: 503162
A77: 45572 | B77: Instagram | C77: 5481 | D77: 673 | E77: 507970 | F77: =Table4_1416[[#This Row],[New_Followers]]-Table4_1416[[#This Row],[Unfollows]] -> 4808 | G77: 0.0094651259 | H77: 13.087584 | I77: 29194 | K77: 45572 | L77: Instagram | M77: 4808 | W77: 45572 | Y77: 507970
A78: 45579 | B78: Twitter | C78: 8898 | D78: 1131 | E78: 515737 | F78: =Table4_1416[[#This Row],[New_Followers]]-Table4_1416[[#This Row],[Unfollows]] -> 7767 | G78: 0.015060002 | H78: 2.187743 | I78: 35051 | K78: 45579 | L78: Twitter | M78: 7767 | W78: 45579 | Y78: 515737
A79: 45579 | B79: YouTube | C79: 7548 | D79: 433 | E79: 522852 | F79: =Table4_1416[[#This Row],[New_Followers]]-Table4_1416[[#This Row],[Unfollows]] -> 7115 | G79: 0.013608057 | H79: 8.3562844 | I79: 37386 | K79: 45579 | L79: YouTube | M79: 7115 | W79: 45579 | Y79: 522852
A80: 45579 | B80: Twitter | C80: 3293 | D80: 282 | E80: 525863 | F80: =Table4_1416[[#This Row],[New_Followers]]-Table4_1416[[#This Row],[Unfollows]] -> 3011 | G80: 0.0057258259 | H80: 27.040693 | I80: 19518 | K80: 45579 | L80: Twitter | M80: 3011 | W80: 45579 | Y80: 525863
A81: 45579 | B81: Twitter | C81: 5837 | D81: 359 | E81: 531341 | F81: =Table4_1416[[#This Row],[New_Followers]]-Table4_1416[[#This Row],[Unfollows]] -> 5478 | G81: 0.010309763 | H81: 6.8073045 | I81: 56026 | K81: 45579 | L81: Twitter | M81: 5478 | W81: 45579 | Y81: 531341
A82: 45586 | B82: Instagram | C82: 8758 | D82: 1193 | E82: 538906 | F82: =Table4_1416[[#This Row],[New_Followers]]-Table4_1416[[#This Row],[Unfollows]] -> 7565 | G82: 0.014037699 | H82: 3.4213759 | I82: 26184 | K82: 45586 | L82: Instagram | M82: 7565 | W82: 45586 | Y82: 538906
A83: 45586 | B83: YouTube | C83: 7793 | D83: 875 | E83: 545824 | F83: =Table4_1416[[#This Row],[New_Followers]]-Table4_1416[[#This Row],[Unfollows]] -> 6918 | G83: 0.012674415 | H83: 5.5136821 | I83: 43787 | K83: 45586 | L83: YouTube | M83: 6918 | W83: 45586 | Y83: 545824
A84: 45586 | B84: Instagram | C84: 8638 | D84: 717 | E84: 553745 | F84: =Table4_1416[[#This Row],[New_Followers]]-Table4_1416[[#This Row],[Unfollows]] -> 7921 | G84: 0.014304418 | H84: 26.921417 | I84: 31621 | K84: 45586 | L84: Instagram | M84: 7921 | W84: 45586 | Y84: 553745
A85: 45586 | B85: Instagram | C85: 8993 | D85: 506 | E85: 562232 | F85: =Table4_1416[[#This Row],[New_Followers]]-Table4_1416[[#This Row],[Unfollows]] -> 8487 | G85: 0.015095192 | H85: 3.5131405 | I85: 20028 | K85: 45586 | L85: Instagram | M85: 8487 | W85: 45586 | Y85: 562232
A86: 45593 | B86: YouTube | C86: 7007 | D86: 568 | E86: 568671 | F86: =Table4_1416[[#This Row],[New_Followers]]-Table4_1416[[#This Row],[Unfollows]] -> 6439 | G86: 0.011322891 | H86: 11.505071 | I86: 22448 | K86: 45593 | L86: YouTube | M86: 6439 | W86: 45593 | Y86: 568671
A87: 45593 | B87: YouTube | C87: 6542 | D87: 539 | E87: 574674 | F87: =Table4_1416[[#This Row],[New_Followers]]-Table4_1416[[#This Row],[Unfollows]] -> 6003 | G87: 0.010445922 | H87: 6.4069368 | I87: 55253 | K87: 45593 | L87: YouTube | M87: 6003 | W87: 45593 | Y87: 574674
A88: 45593 | B88: LinkedIn | C88: 7356 | D88: 904 | E88: 581126 | F88: =Table4_1416[[#This Row],[New_Followers]]-Table4_1416[[#This Row],[Unfollows]] -> 6452 | G88: 0.011102584 | H88: 17.560908 | I88: 44051 | K88: 45593 | M88: 6452 | W88: 45593 | Y88: 581126
A89: 45593 | B89: LinkedIn | C89: 9433 | D89: 1073 | E89: 589486 | F89: =Table4_1416[[#This Row],[New_Followers]]-Table4_1416[[#This Row],[Unfollows]] -> 8360 | G89: 0.014181847 | H89: 7.2934726 | I89: 59811 | K89: 45593 | M89: 8360 | W89: 45593 | Y89: 589486
A90: 45600 | B90: Twitter | C90: 8380 | D90: 1162 | E90: 596704 | F90: =Table4_1416[[#This Row],[New_Followers]]-Table4_1416[[#This Row],[Unfollows]] -> 7218 | G90: 0.01209645 | H90: 18.058535 | I90: 40447 | K90: 45600 | L90: Twitter | M90: 7218 | W90: 45600 | Y90: 596704
A91: 45600 | B91: YouTube | C91: 3385 | D91: 329 | E91: 599760 | F91: =Table4_1416[[#This Row],[New_Followers]]-Table4_1416[[#This Row],[Unfollows]] -> 3056 | G91: 0.0050953715 | H91: 17.61788 | I91: 28394 | K91: 45600 | L91: YouTube | M91: 3056 | W91: 45600 | Y91: 599760
A92: 45600 | B92: LinkedIn | C92: 5268 | D92: 326 | E92: 604702 | F92: =Table4_1416[[#This Row],[New_Followers]]-Table4_1416[[#This Row],[Unfollows]] -> 4942 | G92: 0.0081726206 | H92: 23.435841 | I92: 44501 | K92: 45600 | M92: 4942 | W92: 45600 | Y92: 604702
A93: 45600 | B93: Twitter | C93: 1671 | D93: 202 | E93: 606171 | F93: =Table4_1416[[#This Row],[New_Followers]]-Table4_1416[[#This Row],[Unfollows]] -> 1469 | G93: 0.0024234086 | H93: 15.150015 | I93: 40254 | K93: 45600 | L93: Twitter | M93: 1469 | W93: 45600 | Y93: 606171
A94: 45607 | B94: Twitter | C94: 1163 | D94: 146 | E94: 607188 | F94: =Table4_1416[[#This Row],[New_Followers]]-Table4_1416[[#This Row],[Unfollows]] -> 1017 | G94: 0.0016749343 | H94: 21.777769 | I94: 28509 | K94: 45607 | L94: Twitter | M94: 1017 | W94: 45607 | Y94: 607188
A95: 45607 | B95: Twitter | C95: 9656 | D95: 1024 | E95: 615820 | F95: =Table4_1416[[#This Row],[New_Followers]]-Table4_1416[[#This Row],[Unfollows]] -> 8632 | G95: 0.014017083 | H95: 8.7252769 | I95: 58998 | K95: 45607 | L95: Twitter | M95: 8632 | W95: 45607 | Y95: 615820
A96: 45607 | B96: LinkedIn | C96: 5592 | D96: 710 | E96: 620702 | F96: =Table4_1416[[#This Row],[New_Followers]]-Table4_1416[[#This Row],[Unfollows]] -> 4882 | G96: 0.007865288 | H96: 9.0711807 | I96: 24472 | K96: 45607 | M96: 4882 | W96: 45607 | Y96: 620702
A97: 45607 | B97: YouTube | C97: 5795 | D97: 575 | E97: 625922 | F97: =Table4_1416[[#This Row],[New_Followers]]-Table4_1416[[#This Row],[Unfollows]] -> 5220 | G97: 0.0083396973 | H97: 3.0908005 | I97: 55657 | K97: 45607 | L97: YouTube | M97: 5220 | W97: 45607 | Y97: 625922
A98: 45614 | B98: Instagram | C98: 5798 | D98: 592 | E98: 631128 | F98: =Table4_1416[[#This Row],[New_Followers]]-Table4_1416[[#This Row],[Unfollows]] -> 5206 | G98: 0.0082487229 | H98: 1.6774727 | I98: 13471 | K98: 45614 | L98: Instagram | M98: 5206 | W98: 45614 | Y98: 631128
A99: 45614 | B99: Twitter | C99: 7036 | D99: 652 | E99: 637512 | F99: =Table4_1416[[#This Row],[New_Followers]]-Table4_1416[[#This Row],[Unfollows]] -> 6384 | G99: 0.010013929 | H99: 3.5705995 | I99: 51796 | K99: 45614 | L99: Twitter | M99: 6384 | W99: 45614 | Y99: 637512
A100: 45614 | B100: LinkedIn | C100: 3355 | D100: 176 | E100: 640691 | F100: =Table4_1416[[#This Row],[New_Followers]]-Table4_1416[[#This Row],[Unfollows]] -> 3179 | G100: 0.0049618303 | H100: 12.426427 | I100: 40268 | K100: 45614 | M100: 3179 | W100: 45614 | Y100: 640691
...

Sheet Task 6.3
A1: Week_Start_Date | B1: Platform | C1: New_Followers | D1: Unfollows | E1: Total_Followers | F1: Net Followers Gain | G1: Follower Growth Rate | H1: Engagement_Rate | I1: Ad_Spend | K1: Row Labels | L1: Sum of Total_Followers
A2: 45446 | B2: Instagram | C2: 4138 | D2: 361 | E2: 103777 | F2: =Table4_14[[#This Row],[New_Followers]]-Table4_14[[#This Row],[Unfollows]] -> 3777 | G2: 0.036395348 | H2: 56.637791 | I2: 23944 | K2: 45446 | L2: 246535 | Z2: Task 6: Follower Retention & Loyalty
A3: 45446 | B3: Twitter | C3: 8693 | D3: 1261 | E3: 111209 | F3: =Table4_14[[#This Row],[New_Followers]]-Table4_14[[#This Row],[Unfollows]] -> 7432 | G3: 0.066829124 | H3: 69.475492 | I3: 29873 | K3: 45453 | L3: 141896
A4: 45446 | B4: YouTube | C4: 9264 | D4: 1141 | E4: 119332 | F4: =Table4_14[[#This Row],[New_Followers]]-Table4_14[[#This Row],[Unfollows]] -> 8123 | G4: 0.068070593 | H4: 92.312205 | I4: 50372 | K4: 45467 | L4: 198388 | Z4: 6.3) Use moving averages to smooth growth trends.
A5: 45446 | B5: YouTube | C5: 8842 | D5: 971 | E5: 127203 | F5: =Table4_14[[#This Row],[New_Followers]]-Table4_14[[#This Row],[Unfollows]] -> 7871 | G5: 0.061877471 | H5: 16.351816 | I5: 33928 | K5: 45488 | L5: 255684
A6: 45453 | B6: Instagram | C6: 7721 | D6: 506 | E6: 134418 | F6: =Table4_14[[#This Row],[New_Followers]]-Table4_14[[#This Row],[Unfollows]] -> 7215 | G6: 0.053675847 | H6: 35.577824 | I6: 25379 | K6: 45495 | L6: 289283 | Z6: Using Engagement Dataset
A7: 45453 | B7: YouTube | C7: 8002 | D7: 524 | E7: 141896 | F7: =Table4_14[[#This Row],[New_Followers]]-Table4_14[[#This Row],[Unfollows]] -> 7478 | G7: 0.052700569 | H7: 52.064893 | I7: 46751 | K7: 45502 | L7: 300265 | Z7: Pivot Table --> week start date in rows -->
A8: 45453 | B8: Twitter | C8: 5225 | D8: 291 | E8: 146830 | F8: =Table4_14[[#This Row],[New_Followers]]-Table4_14[[#This Row],[Unfollows]] -> 4934 | G8: 0.033603487 | H8: 19.551863 | I8: 44546 | K8: 45509 | L8: 315557 | Z8: Total followers in values --> sum
A9: 45453 | B9: Twitter | C9: 3978 | D9: 543 | E9: 150265 | F9: =Table4_14[[#This Row],[New_Followers]]-Table4_14[[#This Row],[Unfollows]] -> 3435 | G9: 0.022859615 | H9: 49.159818 | I9: 34286 | K9: 45516 | L9: 340085 | Z9: insert --> line chart -->
A10: 45460 | B10: Instagram | C10: 8373 | D10: 921 | E10: 157717 | F10: =Table4_14[[#This Row],[New_Followers]]-Table4_14[[#This Row],[Unfollows]] -> 7452 | G10: 0.047249187 | H10: 12.226329 | I10: 15110 | K10: 45523 | L10: 729433 | Z10: Chart element --> select axis titles , chart title, grindlines -->
A11: 45460 | B11: Twitter | C11: 6907 | D11: 834 | E11: 163790 | F11: =Table4_14[[#This Row],[New_Followers]]-Table4_14[[#This Row],[Unfollows]] -> 6073 | G11: 0.037077966 | H11: 54.158984 | I11: 22087 | K11: 45530 | L11: 391152 | Z11: Right Click on the line --> Add Trendline
A12: 45460 | B12: LinkedIn | C12: 7097 | D12: 369 | E12: 170518 | F12: =Table4_14[[#This Row],[New_Followers]]-Table4_14[[#This Row],[Unfollows]] -> 6728 | G12: 0.039456245 | H12: 9.2506363 | I12: 33762 | K12: 45544 | L12: 862353 | Z12: Moving Avg --> Period --> 3
A13: 45460 | B13: Instagram | C13: 6656 | D13: 978 | E13: 176196 | F13: =Table4_14[[#This Row],[New_Followers]]-Table4_14[[#This Row],[Unfollows]] -> 5678 | G13: 0.032225476 | H13: 60.425889 | I13: 27081 | K13: 45551 | L13: 895821 | Z13: Power Pivot Analyze --> Inerst slicer --> Platform
A14: 45467 | B14: Twitter | C14: 9984 | D14: 1330 | E14: 184850 | F14: =Table4_14[[#This Row],[New_Followers]]-Table4_14[[#This Row],[Unfollows]] -> 8654 | G14: 0.046816338 | H14: 57.524479 | I14: 44947 | K14: 45572 | L14: 1002177
A15: 45467 | B15: Instagram | C15: 5259 | D15: 374 | E15: 189735 | F15: =Table4_14[[#This Row],[New_Followers]]-Table4_14[[#This Row],[Unfollows]] -> 4885 | G15: 0.025746436 | H15: 14.827523 | I15: 19596 | K15: 45579 | L15: 522852
A16: 45467 | B16: YouTube | C16: 9286 | D16: 633 | E16: 198388 | F16: =Table4_14[[#This Row],[New_Followers]]-Table4_14[[#This Row],[Unfollows]] -> 8653 | G16: 0.043616549 | H16: 5.4343005 | I16: 48019 | K16: 45586 | L16: 545824
A17: 45467 | B17: Twitter | C17: 6901 | D17: 471 | E17: 204818 | F17: =Table4_14[[#This Row],[New_Followers]]-Table4_14[[#This Row],[Unfollows]] -> 6430 | G17: 0.031393725 | H17: 60.827662 | I17: 52003 | K17: 45593 | L17: 1143345
A18: 45474 | B18: LinkedIn | C18: 5917 | D18: 475 | E18: 210260 | F18: =Table4_14[[#This Row],[New_Followers]]-Table4_14[[#This Row],[Unfollows]] -> 5442 | G18: 0.025882241 | H18: 17.894036 | I18: 28313 | K18: 45600 | L18: 599760
A19: 45474 | B19: Twitter | C19: 9429 | D19: 966 | E19: 218723 | F19: =Table4_14[[#This Row],[New_Followers]]-Table4_14[[#This Row],[Unfollows]] -> 8463 | G19: 0.038692776 | H19: 7.6914636 | I19: 57639 | K19: 45607 | L19: 625922
A20: 45474 | B20: Instagram | C20: 3530 | D20: 328 | E20: 221925 | F20: =Table4_14[[#This Row],[New_Followers]]-Table4_14[[#This Row],[Unfollows]] -> 3202 | G20: 0.014428298 | H20: 12.83722 | I20: 11013 | K20: 45621 | L20: 675785
A21: 45474 | B21: Instagram | C21: 2960 | D21: 234 | E21: 224651 | F21: =Table4_14[[#This Row],[New_Followers]]-Table4_14[[#This Row],[Unfollows]] -> 2726 | G21: 0.012134377 | H21: 17.412787 | I21: 59378 | K21: 45628 | L21: 694115
A22: 45481 | B22: Twitter | C22: 8045 | D22: 894 | E22: 231802 | F22: =Table4_14[[#This Row],[New_Followers]]-Table4_14[[#This Row],[Unfollows]] -> 7151 | G22: 0.030849604 | H22: 47.634188 | I22: 33705 | K22: 45635 | L22: 709008
A23: 45481 | B23: LinkedIn | C23: 2048 | D23: 130 | E23: 233720 | F23: =Table4_14[[#This Row],[New_Followers]]-Table4_14[[#This Row],[Unfollows]] -> 1918 | G23: 0.0082064008 | H23: 39.284614 | I23: 11828 | K23: 45649 | L23: 748744
A24: 45481 | B24: LinkedIn | C24: 6772 | D24: 536 | E24: 239956 | F24: =Table4_14[[#This Row],[New_Followers]]-Table4_14[[#This Row],[Unfollows]] -> 6236 | G24: 0.025988098 | H24: 9.8205504 | I24: 17909 | K24: 45663 | L24: 798137
A25: 45481 | B25: LinkedIn | C25: 3529 | D25: 305 | E25: 243180 | F25: =Table4_14[[#This Row],[New_Followers]]-Table4_14[[#This Row],[Unfollows]] -> 3224 | G25: 0.013257669 | H25: 41.606629 | I25: 48356 | K25: 45670 | L25: 818408
... A34: 45502 | B34: LinkedIn | C34: 1845 | D34: 104 | E34: 291024 | F34: =Table4_14[[#This Row],[New_Followers]]-Table4_14[[#This Row],[Unfollows]] -> 1741 | G34: 0.0059823245 | H34: 28.158159 | I34: 37766 | K34: 45782 | L34: 1157985
A35: 45502 | B35: LinkedIn | C35: 6777 | D35: 981 | E35: 296820 | F35: =Table4_14[[#This Row],[New_Followers]]-Table4_14[[#This Row],[Unfollows]] -> 5796 | G35: 0.019526986 | H35: 23.920558 | I35: 53590 | K35: Grand Total | L35: 24658229
A36: 45502 | B36: YouTube | C36: 4036 | D36: 591 | E36: 300265 | F36: =Table4_14[[#This Row],[New_Followers]]-Table4_14[[#This Row],[Unfollows]] -> 3445 | G36: 0.011473199 | H36: 44.219273 | I36: 12563
A37: 45502 | B37: Twitter | C37: 6947 | D37: 908 | E37: 306304 | F37: =Table4_14[[#This Row],[New_Followers]]-Table4_14[[#This Row],[Unfollows]] -> 6039 | G37: 0.019715707 | H37: 14.117674 | I37: 46060
A38: 45509 | B38: Instagram | C38: 3494 | D38: 281 | E38: 309517 | F38: =Table4_14[[#This Row],[New_Followers]]-Table4_14[[#This Row],[Unfollows]] -> 3213 | G38: 0.01038069 | H38: 27.765519 | I38: 39197
A39: 45509 | B39: Twitter | C39: 3719 | D39: 222 | E39: 313014 | F39: =Table4_14[[#This Row],[New_Followers]]-Table4_14[[#This Row],[Unfollows]] -> 3497 | G39: 0.011172024 | H39: 21.669318 | I39: 13586
A40: 45509 | B40: YouTube | C40: 2884 | D40: 341 | E40: 315557 | F40: =Table4_14[[#This Row],[New_Followers]]-Table4_14[[#This Row],[Unfollows]] -> 2543 | G40: 0.0080587659 | H40: 46.99975 | I40: 26087
A41: 45509 | B41: LinkedIn | C41: 5349 | D41: 502 | E41: 320404 | F41: =Table4_14[[#This Row],[New_Followers]]-Table4_14[[#This Row],[Unfollows]] -> 4847 | G41: 0.015127776 | H41: 5.2152907 | I41: 58868
A42: 45516 | B42: Twitter | C42: 6179 | D42: 384 | E42: 326199 | F42: =Table4_14[[#This Row],[New_Followers]]-Table4_14[[#This Row],[Unfollows]] -> 5795 | G42: 0.017765229 | H42: 14.712185 | I42: 33225
A43: 45516 | B43: Instagram | C43: 7610 | D43: 757 | E43: 333052 | F43: =Table4_14[[#This Row],[New_Followers]]-Table4_14[[#This Row],[Unfollows]] -> 6853 | G43: 0.020576366 | H43: 44.450416 | I43: 39750
A44: 45516 | B44: YouTube | C44: 7430 | D44: 397 | E44: 340085 | F44: =Table4_14[[#This Row],[New_Followers]]-Table4_14[[#This Row],[Unfollows]] -> 7033 | G44: 0.020680124 | H44: 28.065043 | I44: 16643
A45: 45516 | B45: Twitter | C45: 8154 | D45: 1149 | E45: 347090 | F45: =Table4_14[[#This Row],[New_Followers]]-Table4_14[[#This Row],[Unfollows]] -> 7005 | G45: 0.020182085 | H45: 26.003918 | I45: 37523
A46: 45523 | B46: Instagram | C46: 7488 | D46: 568 | E46: 354010 | F46: =Table4_14[[#This Row],[New_Followers]]-Table4_14[[#This Row],[Unfollows]] -> 6920 | G46: 0.01954747 | H46: 13.477303 | I46: 46727
A47: 45523 | B47: YouTube | C47: 5737 | D47: 666 | E47: 359081 | F47: =Table4_14[[#This Row],[New_Followers]]-Table4_14[[#This Row],[Unfollows]] -> 5071 | G47: 0.014122162 | H47: 4.6034182 | I47: 21005
... A201: 45789 | B201: Twitter | C201: 8527 | D201: 1091 | E201: 1186398 | F201: =Table4_14[[#This Row],[New_Followers]]-Table4_14[[#This Row],[Unfollows]] -> 7436 | G201: 0.0062677112 | H201: 1.6760817 | I201: 41703

Sheet Task 6.3.
A1: Week_Start_Date | B1: Platform | C1: New_Followers | D1: Unfollows | E1: Total_Followers | F1: Net Followers Gain | G1: Follower Growth Rate | H1: Engagement_Rate | I1: Ad_Spend | K1: Row Labels | L1: Sum of Net Followers Gain
A2: 45446 | B2: Instagram | C2: 4138 | D2: 361 | E2: 103777 | F2: =Table4_145[[#This Row],[New_Followers]]-Table4_145[[#This Row],[Unfollows]] -> 3777 | G2: 0.036395348 | H2: 56.637791 | I2: 23944 | K2: 45446 | L2: 27203 | AA2: Task 6: Follower Retention & Loyalty
A3: 45446 | B3: Twitter | C3: 8693 | D3: 1261 | E3: 111209 | F3: =Table4_145[[#This Row],[New_Followers]]-Table4_145[[#This Row],[Unfollows]] -> 7432 | G3: 0.066829124 | H3: 69.475492 | I3: 29873 | K3: 45453 | L3: 23062
A4: 45446 | B4: YouTube | C4: 9264 | D4: 1141 | E4: 119332 | F4: =Table4_145[[#This Row],[New_Followers]]-Table4_145[[#This Row],[Unfollows]] -> 8123 | G4: 0.068070593 | H4: 92.312205 | I4: 50372 | K4: 45460 | L4: 25931 | AA4: 6.3) Use moving averages to smooth growth trends.
A5: 45446 | B5: YouTube | C5: 8842 | D5: 971 | E5: 127203 | F5: =Table4_145[[#This Row],[New_Followers]]-Table4_145[[#This Row],[Unfollows]] -> 7871 | G5: 0.061877471 | H5: 16.351816 | I5: 33928 | K5: 45467 | L5: 28622
A6: 45453 | B6: Instagram | C6: 7721 | D6: 506 | E6: 134418 | F6: =Table4_145[[#This Row],[New_Followers]]-Table4_145[[#This Row],[Unfollows]] -> 7215 | G6: 0.053675847 | H6: 35.577824 | I6: 25379 | K6: 45474 | L6: 19833 | AA6: Using Engagement Dataset
A7: 45453 | B7: YouTube | C7: 8002 | D7: 524 | E7: 141896 | F7: =Table4_145[[#This Row],[New_Followers]]-Table4_145[[#This Row],[Unfollows]] -> 7478 | G7: 0.052700569 | H7: 52.064893 | I7: 46751 | K7: 45481 | L7: 18529 | AA7: Pivot Table --> week start date in rows -->
A8: 45453 | B8: Twitter | C8: 5225 | D8: 291 | E8: 146830 | F8: =Table4_145[[#This Row],[New_Followers]]-Table4_145[[#This Row],[Unfollows]] -> 4934 | G8: 0.033603487 | H8: 19.551863 | I8: 44546 | K8: 45488 | L8: 13885 | AA8: Net followers Gain in values --> sum
A9: 45453 | B9: Twitter | C9: 3978 | D9: 543 | E9: 150265 | F9: =Table4_145[[#This Row],[New_Followers]]-Table4_145[[#This Row],[Unfollows]] -> 3435 | G9: 0.022859615 | H9: 49.159818 | I9: 34286 | K9: 45495 | L9: 32218 | AA9: insert --> line chart -->
A10: 45460 | B10: Instagram | C10: 8373 | D10: 921 | E10: 157717 | F10: =Table4_145[[#This Row],[New_Followers]]-Table4_145[[#This Row],[Unfollows]] -> 7452 | G10: 0.047249187 | H10: 12.226329 | I10: 15110 | K10: 45502 | L10: 17021 | AA10: Chart element --> select axis titles , chart title, grindlines -->
A11: 45460 | B11: Twitter | C11: 6907 | D11: 834 | E11: 163790 | F11: =Table4_145[[#This Row],[New_Followers]]-Table4_145[[#This Row],[Unfollows]] -> 6073 | G11: 0.037077966 | H11: 54.158984 | I11: 22087 | K11: 45509 | L11: 14100 | AA11: Right Click on the line --> Add Trendline
A12: 45460 | B12: LinkedIn | C12: 7097 | D12: 369 | E12: 170518 | F12: =Table4_145[[#This Row],[New_Followers]]-Table4_145[[#This Row],[Unfollows]] -> 6728 | G12: 0.039456245 | H12: 9.2506363 | I12: 33762 | K12: 45516 | L12: 26686 | AA12: Moving Avg --> Period --> 3
A13: 45460 | B13: Instagram | C13: 6656 | D13: 978 | E13: 176196 | F13: =Table4_145[[#This Row],[New_Followers]]-Table4_145[[#This Row],[Unfollows]] -> 5678 | G13: 0.032225476 | H13: 60.425889 | I13: 27081 | K13: 45523 | L13: 23262 | AA13: Power Pivot Analyze --> Inerst slicer --> Platform
A14: 45467 | B14: Twitter | C14: 9984 | D14: 1330 | E14: 184850 | F14: =Table4_145[[#This Row],[New_Followers]]-Table4_145[[#This Row],[Unfollows]] -> 8654 | G14: 0.046816338 | H14: 57.524479 | I14: 44947 | K14: 45530 | L14: 20800
A15: 45467 | B15: Instagram | C15: 5259 | D15: 374 | E15: 189735 | F15: =Table4_145[[#This Row],[New_Followers]]-Table4_145[[#This Row],[Unfollows]] -> 4885 | G15: 0.025746436 | H15: 14.827523 | I15: 19596 | K15: 45537 | L15: 22217
A16: 45467 | B16: YouTube | C16: 9286 | D16: 633 | E16: 198388 | F16: =Table4_145[[#This Row],[New_Followers]]-Table4_145[[#This Row],[Unfollows]] -> 8653 | G16: 0.043616549 | H16: 5.4343005 | I16: 48019 | K16: 45544 | L16: 25176
A17: 45467 | B17: Twitter | C17: 6901 | D17: 471 | E17: 204818 | F17: =Table4_145[[#This Row],[New_Followers]]-Table4_145[[#This Row],[Unfollows]] -> 6430 | G17: 0.031393725 | H17: 60.827662 | I17: 52003 | K17: 45551 | L17: 15432
A18: 45474 | B18: LinkedIn | C18: 5917 | D18: 475 | E18: 210260 | F18: =Table4_145[[#This Row],[New_Followers]]-Table4_145[[#This Row],[Unfollows]] -> 5442 | G18: 0.025882241 | H18: 17.894036 | I18: 28313 | K18: 45558 | L18: 17982
A19: 45474 | B19: Twitter | C19: 9429 | D19: 966 | E19: 218723 | F19: =Table4_145[[#This Row],[New_Followers]]-Table4_145[[#This Row],[Unfollows]] -> 8463 | G19: 0.038692776 | H19: 7.6914636 | I19: 57639 | K19: 45565 | L19: 18434
A20: 45474 | B20: Instagram | C20: 3530 | D20: 328 | E20: 221925 | F20: =Table4_145[[#This Row],[New_Followers]]-Table4_145[[#This Row],[Unfollows]] -> 3202 | G20: 0.014428298 | H20: 12.83722 | I20: 11013 | K20: 45572 | L20: 17577
A21: 45474 | B21: Instagram | C21: 2960 | D21: 234 | E21: 224651 | F21: =Table4_145[[#This Row],[New_Followers]]-Table4_145[[#This Row],[Unfollows]] -> 2726 | G21: 0.012134377 | H21: 17.412787 | I21: 59378 | K21: 45579 | L21: 23371
A22: 45481 | B22: Twitter | C22: 8045 | D22: 894 | E22: 231802 | F22: =Table4_145[[#This Row],[New_Followers]]-Table4_145[[#This Row],[Unfollows]] -> 7151 | G22: 0.030849604 | H22: 47.634188 | I22: 33705 | K22: 45586 | L22: 30891
A23: 45481 | B23: LinkedIn | C23: 2048 | D23: 130 | E23: 233720 | F23: =Table4_145[[#This Row],[New_Followers]]-Table4_145[[#This Row],[Unfollows]] -> 1918 | G23: 0.0082064008 | H23: 39.284614 | I23: 11828 | K23: 45593 | L23: 27254
A24: 45481 | B24: LinkedIn | C24: 6772 | D24: 536 | E24: 239956 | F24: =Table4_145[[#This Row],[New_Followers]]-Table4_145[[#This Row],[Unfollows]] -> 6236 | G24: 0.025988098 | H24: 9.8205504 | I24: 17909 | K24: 45600 | L24: 16685
A25: 45481 | B25: LinkedIn | C25: 3529 | D25: 305 | E25: 243180 | F25: =Table4_145[[#This Row],[New_Followers]]-Table4_145[[#This Row],[Unfollows]] -> 3224 | G25: 0.013257669 | H25: 41.606629 | I25: 48356 | K25: 45607 | L25: 19751
... A51: 45530 | B51: Twitter | C51: 6175 | D51: 422 | E51: 377618 | F51: =Table4_145[[#This Row],[New_Followers]]-Table4_145[[#This Row],[Unfollows]] -> 5753 | G51: 0.015234973 | H51: 37.861013 | I51: 59745 | K51: 45789 | L51: 18387
A52: 45530 | B52: Instagram | C52: 9648 | D52: 1417 | E52: 385849 | F52: =Table4_145[[#This Row],[New_Followers]]-Table4_145[[#This Row],[Unfollows]] -> 8231 | G52: 0.021332179 | H52: 3.6633502 | I52: 24226 | K52: Grand Total | L52: 1086398
A53: 45530 | B53: YouTube | C53: 6078 | D53: 775 | E53: 391152 | F53: =Table4_145[[#This Row],[New_Followers]]-Table4_145[[#This Row],[Unfollows]] -> 5303 | G53: 0.013557389 | H53: 37.760513 | I53: 38731
A54: 45537 | B54: Instagram | C54: 6448 | D54: 928 | E54: 396672 | F54: =Table4_145[[#This Row],[New_Followers]]-Table4_145[[#This Row],[Unfollows]] -> 5520 | G54: 0.013915779 | H54: 30.118587 | I54: 53922
A55: 45537 | B55: Instagram | C55: 2179 | D55: 303 | E55: 398548 | F55: =Table4_145[[#This Row],[New_Followers]]-Table4_145[[#This Row],[Unfollows]] -> 1876 | G55: 0.0047070867 | H55: 33.909843 | I55: 54848
A56: 45537 | B56: Twitter | C56: 7406 | D56: 813 | E56: 405141 | F56: =Table4_145[[#This Row],[New_Followers]]-Table4_145[[#This Row],[Unfollows]] -> 6593 | G56: 0.016273347 | H56: 24.457411 | I56: 13390
A57: 45537 | B57: LinkedIn | C57: 9591 | D57: 1363 | E57: 413369 | F57: =Table4_145[[#This Row],[New_Followers]]-Table4_145[[#This Row],[Unfollows]] -> 8228 | G57: 0.019904734 | H57: 10.494256 | I57: 15997
A58: 45544 | B58: Instagram | C58: 7907 | D58: 465 | E58: 420811 | F58: =Table4_145[[#This Row],[New_Followers]]-Table4_145[[#This Row],[Unfollows]] -> 7442 | G58: 0.017684899 | H58: 33.257448 | I58: 22693
A59: 45544 | B59: YouTube | C59: 9800 | D59: 682 | E59: 429929 | F59: =Table4_145[[#This Row],[New_Followers]]-Table4_145[[#This Row],[Unfollows]] -> 9118 | G59: 0.021208153 | H59: 6.2966211 | I59: 59815
A60: 45544 | B60: YouTube | C60: 2638 | D60: 143 | E60: 432424 | F60: =Table4_145[[#This Row],[New_Followers]]-Table4_145[[#This Row],[Unfollows]] -> 2495 | G60: 0.0057698 | H60: 6.9547481 | I60: 52092
A61: 45544 | B61: LinkedIn | C61: 6671 | D61: 550 | E61: 438545 | F61: =Table4_145[[#This Row],[New_Followers]]-Table4_145[[#This Row],[Unfollows]] -> 6121 | G61: 0.013957519 | H61: 17.750288 | I61: 10541
A62: 45551 | B62: YouTube | C62: 7928 | D62: 704 | E62: 445769 | F62: =Table4_145[[#This Row],[New_Followers]]-Table4_145[[#This Row],[Unfollows]] -> 7224 | G62: 0.016205703 | H62: 11.194363 | I62: 31817
A63: 45551 | B63: LinkedIn | C63: 2382 | D63: 183 | E63: 447968 | F63: =Table4_145[[#This Row],[New_Followers]]-Table4_145[[#This Row],[Unfollows]] -> 2199 | G63: 0.0049088328 | H63: 4.733597 | I63: 47861
A64: 45551 | B64: YouTube | C64: 2403 | D64: 319 | E64: 450052 | F64: =Table4_145[[#This Row],[New_Followers]]-Table4_145[[#This Row],[Unfollows]] -> 2084 | G64: 0.004630576 | H64: 29.921209 | I64: 23428
... A201: 45789 | B201: Twitter | C201: 8527 | D201: 1091 | E201: 1186398 | F201: =Table4_145[[#This Row],[New_Followers]]-Table4_145[[#This Row],[Unfollows]] -> 7436 | G201: 0.0062677112 | H201: 1.6760817 | I201: 41703

Sheet Task 6.4.
A1: Week_Start_Date | B1: Platform | C1: New_Followers | D1: Unfollows | E1: Net Follower Gain | F1: Total_Followers | G1: Follower Growth Rate | H1: Engagement_Rate | I1: Ad_Spend | M1: Ad_Spend | N1: Net Follower Gain
A2: 45446 | B2: Instagram | C2: 4138 | D2: 361 | E2: =C2-D2 -> 3777 | F2: 103777 | G2: 0.036395348 | H2: 56.637791 | I2: 23944 | M2: 10161 | N2: 4356
A3: 45446 | B3: Twitter | C3: 8693 | D3: 1261 | E3: =C3-D3 -> 7432 | F3: 111209 | G3: 0.066829124 | H3: 69.475492 | I3: 29873 | M3: 10162 | N3: 6380 | Z3: Task 6: Follower Retention & Loyalty
A4: 45446 | B4: YouTube | C4: 9264 | D4: 1141 | E4: =C4-D4 -> 8123 | F4: 119332 | G4: 0.068070593 | H4: 92.312205 | I4: 50372 | M4: 10541 | N4: 6121
A5: 45446 | B5: YouTube | C5: 8842 | D5: 971 | E5: =C5-D5 -> 7871 | F5: 127203 | G5: 0.061877471 | H5: 16.351816 | I5: 33928 | M5: 11013 | N5: 3202 | Z5: 6.4) Correlate ad spend vs. follower growth using scatter plots.
A6: 45453 | B6: Instagram | C6: 7721 | D6: 506 | E6: =C6-D6 -> 7215 | F6: 134418 | G6: 0.053675847 | H6: 35.577824 | I6: 25379 | M6: 11171 | N6: 6425
A7: 45453 | B7: YouTube | C7: 8002 | D7: 524 | E7: =C7-D7 -> 7478 | F7: 141896 | G7: 0.052700569 | H7: 52.064893 | I7: 46751 | M7: 11431 | N7: 6677 | Z7: Using Engagement Dataset
A8: 45453 | B8: Twitter | C8: 5225 | D8: 291 | E8: =C8-D8 -> 4934 | F8: 146830 | G8: 0.033603487 | H8: 19.551863 | I8: 44546 | M8: 11619 | N8: 8642 | Z8: Copy & Paste the values of ad spend and Net followers grain rate in different cell
A9: 45453 | B9: Twitter | C9: 3978 | D9: 543 | E9: =C9-D9 -> 3435 | F9: 150265 | G9: 0.022859615 | H9: 49.159818 | I9: 34286 | M9: 11651 | N9: 4147 | Z9: Sort ad spend --> smallest to largest
A10: 45460 | B10: Instagram | C10: 8373 | D10: 921 | E10: =C10-D10 -> 7452 | F10: 157717 | G10: 0.047249187 | H10: 12.226329 | I10: 15110 | M10: 11828 | N10: 1918 | Z10: Select all values --> Ctrl A -->
A11: 45460 | B11: Twitter | C11: 6907 | D11: 834 | E11: =C11-D11 -> 6073 | F11: 163790 | G11: 0.037077966 | H11: 54.158984 | I11: 22087 | M11: 12023 | N11: 7092 | Z11: Insert --> Recoomended charts --> Choose scatter plot -->
A12: 45460 | B12: LinkedIn | C12: 7097 | D12: 369 | E12: =C12-D12 -> 6728 | F12: 170518 | G12: 0.039456245 | H12: 9.2506363 | I12: 33762 | M12: 12096 | N12: 8200 | Z12: Adding some charts elements --> Axis titles , GridLines , Chart title
A13: 45460 | B13: Instagram | C13: 6656 | D13: 978 | E13: =C13-D13 -> 5678 | F13: 176196 | G13: 0.032225476 | H13: 60.425889 | I13: 27081 | M13: 12539 | N13: 7555
A14: 45467 | B14: Twitter | C14: 9984 | D14: 1330 | E14: =C14-D14 -> 8654 | F14: 184850 | G14: 0.046816338 | H14: 57.524479 | I14: 44947 | M14: 12563 | N14: 3445
A15: 45467 | B15: Instagram | C15: 5259 | D15: 374 | E15: =C15-D15 -> 4885 | F15: 189735 | G15: 0.025746436 | H15: 14.827523 | I15: 19596 | M15: 12643 | N15: 4189
A16: 45467 | B16: YouTube | C16: 9286 | D16: 633 | E16: =C16-D16 -> 8653 | F16: 198388 | G16: 0.043616549 | H16: 5.4343005 | I16: 48019 | M16: 12839 | N16: 1001
A17: 45467 | B17: Twitter | C17: 6901 | D17: 471 | E17: =C17-D17 -> 6430 | F17: 204818 | G17: 0.031393725 | H17: 60.827662 | I17: 52003 | M17: 13384 | N17: 8518
A18: 45474 | B18: LinkedIn | C18: 5917 | D18: 475 | E18: =C18-D18 -> 5442 | F18: 210260 | G18: 0.025882241 | H18: 17.894036 | I18: 28313 | M18: 13390 | N18: 6593
A19: 45474 | B19: Twitter | C19: 9429 | D19: 966 | E19: =C19-D19 -> 8463 | F19: 218723 | G19: 0.038692776 | H19: 7.6914636 | I19: 57639 | M19: 13471 | N19: 5206
A20: 45474 | B20: Instagram | C20: 3530 | D20: 328 | E20: =C20-D20 -> 3202 | F20: 221925 | G20: 0.014428298 | H20: 12.83722 | I20: 11013 | M20: 13586 | N20: 3497
A21: 45474 | B21: Instagram | C21: 2960 | D21: 234 | E21: =C21-D21 -> 2726 | F21: 224651 | G21: 0.012134377 | H21: 17.412787 | I21: 59378 | M21: 15017 | N21: 8527
A22: 45481 | B22: Twitter | C22: 8045 | D22: 894 | E22: =C22-D22 -> 7151 | F22: 231802 | G22: 0.030849604 | H22: 47.634188 | I22: 33705 | M22: 15105 | N22: 2919
A23: 45481 | B23: LinkedIn | C23: 2048 | D23: 130 | E23: =C23-D23 -> 1918 | F23: 233720 | G23: 0.0082064008 | H23: 39.284614 | I23: 11828 | M23: 15110 | N23: 7452
A24: 45481 | B24: LinkedIn | C24: 6772 | D24: 536 | E24: =C24-D24 -> 6236 | F24: 239956 | G24: 0.025988098 | H24: 9.8205504 | I24: 17909 | M24: 15347 | N24: 9044
... A201: 45789 | B201: Twitter | C201: 8527 | D201: 1091 | E201: =C201-D201 -> 7436 | F201: 1186398 | G201: 0.0062677112 | H201: 1.6760817 | I201: 41703 | M201: 59823 | N201: 4788

Sheet Task 6.4
H2: Task 6: Follower Retention & Loyalty
B3: Row Labels | C3: Average of Follower Growth Rate
B4: 10161 | C4: 0.011761783 | E4: 10161 | F4: 0.011761783 | H4: 6.4) Correlate ad spend vs. follower growth using scatter plots.
B5: 10162 | C5: 0.0066916502 | E5: 10162 | F5: 0.0066916502
B6: 10541 | C6: 0.013957519 | E6: 10541 | F6: 0.013957519 | L6: Pivot table -->
B7: 11013 | C7: 0.014428298 | E7: 11013 | F7: 0.014428298 | L7: Ad Spend to rows & Followers growth rate to values -->Average -->
B8: 11171 | C8: 0.0057147736 | E8: 11171 | F8: 0.0057147736 | L8: Sort ad spend --> smallest to largest
B9: 11431 | C9: 0.0073286327 | E9: 11431 | F9: 0.0073286327 | L9: Copy & Paste the values of ad spend and followers growth rate in different cell
B10: 11619 | C10: 0.0097157453 | E10: 11619 | F10: 0.0097157453 | L10: Select all values --> Ctrl A -->
B11: 11651 | C11: 0.0082418784 | E11: 11651 | F11: 0.0082418784 | L11: Insert --> Recoomended charts --> Choose scatter plot -->
B12: 11828 | C12: 0.0082064008 | E12: 11828 | F12: 0.0082064008 | L12: Adding some charts elements --> Axis titles , GridLines , Chart title
B13: 12023 | C13: 0.027936878 | E13: 12023 | F13: 0.027936878
B14: 12096 | C14: 0.010833034 | E14: 12096 | F14: 0.010833034
B15: 12539 | C15: 0.0065900459 | E15: 12539 | F15: 0.0065900459
B16: 12563 | C16: 0.011473199 | E16: 12563 | F16: 0.011473199
B17: 12643 | C17: 0.0040213654 | E17: 12643 | F17: 0.0040213654
B18: 12839 | C18: 0.0012231063 | E18: 12839 | F18: 0.0012231063
B19: 13384 | C19: 0.010300801 | E19: 13384 | F19: 0.010300801
B20: 13390 | C20: 0.016273347 | E20: 13390 | F20: 0.016273347
B21: 13471 | C21: 0.0082487229 | E21: 13471 | F21: 0.0082487229
B22: 13586 | C22: 0.011172024 | E22: 13586 | F22: 0.011172024
B23: 15017 | C23: 0.011789251 | E23: 15017 | F23: 0.011789251
B24: 15105 | C24: 0.0036034323 | E24: 15105 | F24: 0.0036034323
... B201: 59823 | C201: 0.0043276544 | E201: 59823 | F201: 0.0043276544

Sheet Video Link
A1: V
G11: https://drive.google.com/file/d/1fQcQ1XVmwU-dgmDv20b74-g4jRTlQwD5/view?usp=sharing

Sheet Task 6.4..
A1: Week_Start_Date | B1: Platform | C1: New_Followers | D1: Unfollows | E1: Net Follower Gain | F1: Total_Followers | G1: Follower Growth Rate | H1: Engagement_Rate | I1: Ad_Spend
A2: 45446 | B2: Instagram | C2: 4138 | D2: 361 | E2: =C2-D2 -> 3777 | F2: 103777 | G2: 0.036395348 | H2: 56.637791 | I2: 23944
A3: 45446 | B3: Twitter | C3: 8693 | D3: 1261 | E3: =C3-D3 -> 7432 | F3: 111209 | G3: 0.066829124 | H3: 69.475492 | I3: 29873 | K3: Row Labels | L3: Sum of Ad_Spend | M3: Sum of Net Follower Gain | N3: ROI
A4: 45446 | B4: YouTube | C4: 9264 | D4: 1141 | E4: =C4-D4 -> 8123 | F4: 119332 | G4: 0.068070593 | H4: 92.312205 | I4: 50372 | K4: Instagram | L4: 1775883 | M4: 261862 | N4: =L4/M4 -> 6.7817515
A5: 45446 | B5: YouTube | C5: 8842 | D5: 971 | E5: =C5-D5 -> 7871 | F5: 127203 | G5: 0.061877471 | H5: 16.351816 | I5: 33928 | K5: LinkedIn | L5: 1990523 | M5: 290487 | N5: =L5/M5 -> 6.8523652
A6: 45453 | B6: Instagram | C6: 7721 | D6: 506 | E6: =C6-D6 -> 7215 | F6: 134418 | G6: 0.053675847 | H6: 35.577824 | I6: 25379 | K6: Twitter | L6: 1874083 | M6: 303407 | N6: =L6/M6 -> 6.1767955
A7: 45453 | B7: YouTube | C7: 8002 | D7: 524 | E7: =C7-D7 -> 7478 | F7: 141896 | G7: 0.052700569 | H7: 52.064893 | I7: 46751 | K7: YouTube | L7: 1286371 | M7: 230642 | N7: =L7/M7 -> 5.5773493
A8: 45453 | B8: Twitter | C8: 5225 | D8: 291 | E8: =C8-D8 -> 4934 | F8: 146830 | G8: 0.033603487 | H8: 19.551863 | I8: 44546 | K8: Grand Total | L8: 6926860 | M8: 1086398 | N8: =L8/M8 -> 6.3759874
A9: 45453 | B9: Twitter | C9: 3978 | D9: 543 | E9: =C9-D9 -> 3435 | F9: 150265 | G9: 0.022859615 | H9: 49.159818 | I9: 34286
A10: 45460 | B10: Instagram | C10: 8373 | D10: 921 | E10: =C10-D10 -> 7452 | F10: 157717 | G10: 0.047249187 | H10: 12.226329 | I10: 15110
A11: 45460 | B11: Twitter | C11: 6907 | D11: 834 | E11: =C11-D11 -> 6073 | F11: 163790 | G11: 0.037077966 | H11: 54.158984 | I11: 22087 | K11: Platform | L11: Ad Spend per New Follower Gain
A12: 45460 | B12: LinkedIn | C12: 7097 | D12: 369 | E12: =C12-D12 -> 6728 | F12: 170518 | G12: 0.039456245 | H12: 9.2506363 | I12: 33762 | K12: LinkedIn | L12: 6.8523652
A13: 45460 | B13: Instagram | C13: 6656 | D13: 978 | E13: =C13-D13 -> 5678 | F13: 176196 | G13: 0.032225476 | H13: 60.425889 | I13: 27081 | K13: Instagram | L13: 6.7817515
A14: 45467 | B14: Twitter | C14: 9984 | D14: 1330 | E14: =C14-D14 -> 8654 | F14: 184850 | G14: 0.046816338 | H14: 57.524479 | I14: 44947 | K14: Twitter | L14: 6.1767955
A15: 45467 | B15: Instagram | C15: 5259 | D15: 374 | E15: =C15-D15 -> 4885 | F15: 189735 | G15: 0.025746436 | H15: 14.827523 | I15: 19596 | K15: YouTube | L15: 5.5773493
A16: 45467 | B16: YouTube | C16: 9286 | D16: 633 | E16: =C16-D16 -> 8653 | F16: 198388 | G16: 0.043616549 | H16: 5.4343005 | I16: 48019
A17: 45467 | B17: Twitter | C17: 6901 | D17: 471 | E17: =C17-D17 -> 6430 | F17: 204818 | G17: 0.031393725 | H17: 60.827662 | I17: 52003
A18: 45474 | B18: LinkedIn | C18: 5917 | D18: 475 | E18: =C18-D18 -> 5442 | F18: 210260 | G18: 0.025882241 | H18: 17.894036 | I18: 28313
A19: 45474 | B19: Twitter | C19: 9429 | D19: 966 | E19: =C19-D19 -> 8463 | F19: 218723 | G19: 0.038692776 | H19: 7.6914636 | I19: 57639
A20: 45474 | B20: Instagram | C20: 3530 | D20: 328 | E20: =C20-D20 -> 3202 | F20: 221925 | G20: 0.014428298 | H20: 12.83722 | I20: 11013
A21: 45474 | B21: Instagram | C21: 2960 | D21: 234 | E21: =C21-D21 -> 2726 | F21: 224651 | G21: 0.012134377 | H21: 17.412787 | I21: 59378
A22: 45481 | B22: Twitter | C22: 8045 | D22: 894 | E22: =C22-D22 -> 7151 | F22: 231802 | G22: 0.030849604 | H22: 47.634188 | I22: 33705
A23: 45481 | B23: LinkedIn | C23: 2048 | D23: 130 | E23: =C23-D23 -> 1918 | F23: 233720 | G23: 0.0082064008 | H23: 39.284614 | I23: 11828
A24: 45481 | B24: LinkedIn | C24: 6772 | D24: 536 | E24: =C24-D24 -> 6236 | F24: 239956 | G24: 0.025988098 | H24: 9.8205504 | I24: 17909
A25: 45481 | B25: LinkedIn | C25: 3529 | D25: 305 | E25: =C25-D25 -> 3224 | F25: 243180 | G25: 0.013257669 | H25: 41.606629 | I25: 48356
A26: 45488 | B26: Instagram | C26: 3964 | D26: 378 | E26: =C26-D26 -> 3586 | F26: 246766 | G26: 0.014531986 | H26: 13.63559 | I26: 23109
A27: 45488 | B27: Twitter | C27: 8137 | D27: 1045 | E27: =C27-D27 -> 7092 | F27: 253858 | G27: 0.027936878 | H27: 20.472469 | I27: 12023
... A201: 45789 | B201: Twitter | C201: 8527 | D201: 1091 | E201: =C201-D201 -> 7436 | F201: 1186398 | G201: 0.0062677112 | H201: 1.6760817 | I201: 41703
